rank,document_a,page_a,chunk_id_a,document_b,page_b,chunk_id_b,tfidf_similarity,embedding_similarity,entity_overlap,technical_compatibility,combined_score,selected,technical_claim_a,technical_claim_b,entity_types_a,entity_types_b,text_a,text_b
1,I.pdf,2,73fb8999-5eb8-4d44-b107-54cc7964bc12,F.pdf,2,cb5e5c0c-c015-4dca-8e80-14a38fcde0e2,0.321167,0.616093,0.333333,1.000000,0.565054,1,6 Months,6 Months,DATE,DATE|MODEL_NUMBER|QUANTITY,"Erratic Flow Measurements Air trapped in flow transducer or corrupted calibration Verify actual volumetric flow rate with external reference meter Perform zero-point calibration sequence; clean internal sensor body 2. Service & Maintenance Limits 2.1 Major Maintenance Intervals & Service Limits Component wear items must be replaced based on run-hours or calendar time—whichever occurs first—to avoid unexpected system downtime. ●​ Air Filter Replacement: Every 6 Months or 2,000 Operating Hours ●​ System Backup Battery Replacement: Every 36 Months or upon low-voltage alarm (ERR_301) ●​ Complete System Preventive Maintenance (PM) Cycle: Every 6 Months ●​ Full Valve & Seal Replacement Overhaul: Every 24 Months or 10,000 Operating Hours","2.​ | Interval | Task Description | Responsible | 3.​ +------------------+-----------------------------------------------+---------------+ 4.​ | Daily | Visual inspection of status LEDs and display | Operator | 5.​ | Monthly | Check pressure sensor calibration zero-points | Maintenance | 6.​ | Every 6 Months | Clean/replace internal panel air filter | Maintenance | 7.​ | Every 1,000 Hrs | Replace internal system battery (CR2032) | Lead Tech | 8.​ | Every 12 Months | Full physical seal and valve diaphragm overhaul | Certified Tech| 9.​ +------------------+-----------------------------------------------+---------------+ 3.2 Air Filter Replacement"
2,H.pdf,2,72d9c05a-a594-4f5a-a052-4ebd0455683d,I.pdf,1,92a7f8ae-2570-41a5-ade1-fcc4fc89dafd,0.103255,0.596560,1.000000,0.500000,0.503673,1,40°C,55°C,DATE|TEMPERATURE,DATE|TEMPERATURE,Perform weekly safety checks according to the following checklist: 1.​ Test Emergency Stop button responsiveness while operating in low-flow test mode. 2.​ Check enclosure door gaskets for signs of degradation or moisture intrusion. 3.​ Inspect ground bonding strap for tightness and freedom from corrosion. 4.​ Verify ambient enclosure temperature reading on HMI panel remains below 40°C during peak operation. 11.​,blockages; verify valve V-102 opening speed Communication Failure / Dropped Frames Network packet dropping or timeout settings too aggressive Ping controller IP; check diagnostic register 40033 Ensure client retry timeout is set to at least 3000 ms with 3 retry attempts Unexpected Thermal Shutdown High internal or cabinet ambient temperature Check internal temperature sensor reading vs external ambient Ensure ambient temperature does not exceed maximum installation threshold of 55°C
3,H.pdf,2,c04bec4a-b16c-4e2d-893d-8cd2f8e3bed0,F.pdf,1,26814e5b-dadd-430e-8308-ff247ffb400b,0.159529,0.505321,0.500000,0.750000,0.456583,1,30.0 VDC,32.0 VDC,FLOW_RATE|TEMPERATURE|VOLTAGE,FLOW_RATE|MODEL_NUMBER|PERCENT|PRESSURE|TEMPERATURE|VOLTAGE,"7.​ Maximum Line Flow Rate 180.0 L/min Pump Drive Overload Trip 8.​ Ambient Operating Temp -10°C to 40°C System Thermal Lockout 9.​ Maximum Supply Voltage 30.0 VDC Power Board Overvoltage Shutdown 10.​=================================================================== ============ 2.2 Prohibited Actions ●​ NEVER attempt to modify electrical wiring without disabling incoming DC breaker. ●​ NEVER operate the controller in environments where ambient temperature exceeds 40°C. ●​ NEVER clear fault logs while the process skid is active in AUTO mode. 3. Emergency Shutdown Procedure (E-STOP) In the event of fluid leaks, abnormal noise, smoke, or uncontrolled parameter runaway:","XR-500 Industrial Controller Operations & Maintenance Manual Document ID: DOC-XR500-OMM-v3.0 Target Model: XR-500 Series Control Systems 1. System Operational Limits & Parameters 1.1 Operating Envelope The XR-500 system maintains automatic supervisory oversight of process variables. Operating outside defined envelope parameters triggers automatic warnings, throttling, or emergency trips. Parameter Normal Range Maximum Limit Units Process Fluid Pressure 1.0 – 6.5 8.0 bar Volumetric Flow Rate 10 – 120 150 L/min Operating Temperature -10 to 45 50 °C Input Supply Voltage 20.0 – 28.0 32.0 VDC System Duty Cycle Continuous (24/7) 100% Load — 2. Normal Operating Procedures 2.1 System Startup"
4,I.pdf,1,92a7f8ae-2570-41a5-ade1-fcc4fc89dafd,F.pdf,2,b733a4e5-dbeb-49c1-b5a9-3399a59e936e,0.058479,0.453270,1.000000,0.500000,0.439552,1,55°C,35°C,DATE|TEMPERATURE,DATE|TEMPERATURE,blockages; verify valve V-102 opening speed Communication Failure / Dropped Frames Network packet dropping or timeout settings too aggressive Ping controller IP; check diagnostic register 40033 Ensure client retry timeout is set to at least 3000 ms with 3 retry attempts Unexpected Thermal Shutdown High internal or cabinet ambient temperature Check internal temperature sensor reading vs external ambient Ensure ambient temperature does not exceed maximum installation threshold of 55°C,"2.2 Normal Shutdown Procedure 1.​ Disengage automatic sequence control on the supervisory workstation. 2.​ Issue the CMD_STOP command or hold the front panel STOP button for 3 seconds. 3.​ Allow the recirculation pump to run in flush mode for 120 seconds to cool internal drive elements. 4.​ Once fluid temperature drops below 35°C, close main inlet valves V-101 and V-102. 3. Preventive Maintenance Schedules 3.1 Periodic Maintenance Table To maintain operational integrity and system compliance, perform scheduled maintenance tasks strictly according to the intervals listed below. 1.​ +------------------+-----------------------------------------------+---------------+ 2.​ | Interval | Task Description | Responsible |"
5,I.pdf,2,49527977-1189-487c-9c96-3be3fa2ec9fa,F.pdf,2,cb5e5c0c-c015-4dca-8e80-14a38fcde0e2,0.131843,0.330844,0.500000,1.000000,0.436020,1,24 Months,12 Months,DATE|QUANTITY|VOLTAGE,DATE|MODEL_NUMBER|QUANTITY,"●​ Full Valve & Seal Replacement Overhaul: Every 24 Months or 10,000 Operating Hours 2.2 Fuse & Electrical Component Replacement If primary power does not initiate, verify incoming lines before replacing internal components: 1.​ Isolate incoming DC power. 2.​ Open lower terminal housing panel. 3.​ Inspect main fuse F1 (5 A, 250 V, Fast-Acting Ceramic 5x20 mm). 4.​ Replace only with identical rated fuse (Part No. FUS-5A-FA). 3. Diagnostic Procedures 3.1 Network Communication Test Procedure 1.​ Connect laptop directly to Port ETH1 using a standard Cat6 Ethernet patch cable. 2.​ Configure workstation static IP to 192.168.1.150, Subnet 255.255.255.0. 3.​ Open terminal console and issue ping test: ping 192.168.1.100 -n 10.","2.​ | Interval | Task Description | Responsible | 3.​ +------------------+-----------------------------------------------+---------------+ 4.​ | Daily | Visual inspection of status LEDs and display | Operator | 5.​ | Monthly | Check pressure sensor calibration zero-points | Maintenance | 6.​ | Every 6 Months | Clean/replace internal panel air filter | Maintenance | 7.​ | Every 1,000 Hrs | Replace internal system battery (CR2032) | Lead Tech | 8.​ | Every 12 Months | Full physical seal and valve diaphragm overhaul | Certified Tech| 9.​ +------------------+-----------------------------------------------+---------------+ 3.2 Air Filter Replacement"
6,H.pdf,2,72d9c05a-a594-4f5a-a052-4ebd0455683d,F.pdf,2,b733a4e5-dbeb-49c1-b5a9-3399a59e936e,0.095547,0.391741,1.000000,0.500000,0.427780,1,40°C,35°C,DATE|TEMPERATURE,DATE|TEMPERATURE,Perform weekly safety checks according to the following checklist: 1.​ Test Emergency Stop button responsiveness while operating in low-flow test mode. 2.​ Check enclosure door gaskets for signs of degradation or moisture intrusion. 3.​ Inspect ground bonding strap for tightness and freedom from corrosion. 4.​ Verify ambient enclosure temperature reading on HMI panel remains below 40°C during peak operation. 11.​,"2.2 Normal Shutdown Procedure 1.​ Disengage automatic sequence control on the supervisory workstation. 2.​ Issue the CMD_STOP command or hold the front panel STOP button for 3 seconds. 3.​ Allow the recirculation pump to run in flush mode for 120 seconds to cool internal drive elements. 4.​ Once fluid temperature drops below 35°C, close main inlet valves V-101 and V-102. 3. Preventive Maintenance Schedules 3.1 Periodic Maintenance Table To maintain operational integrity and system compliance, perform scheduled maintenance tasks strictly according to the intervals listed below. 1.​ +------------------+-----------------------------------------------+---------------+ 2.​ | Interval | Task Description | Responsible |"
7,H.pdf,2,c04bec4a-b16c-4e2d-893d-8cd2f8e3bed0,G.pdf,3,edbcec2a-9ca5-43d8-82e5-91dc80d361bb,0.100045,0.401135,0.333333,1.000000,0.425755,1,30.0 VDC,18.0 VDC,FLOW_RATE|TEMPERATURE|VOLTAGE,VOLTAGE,"7.​ Maximum Line Flow Rate 180.0 L/min Pump Drive Overload Trip 8.​ Ambient Operating Temp -10°C to 40°C System Thermal Lockout 9.​ Maximum Supply Voltage 30.0 VDC Power Board Overvoltage Shutdown 10.​=================================================================== ============ 2.2 Prohibited Actions ●​ NEVER attempt to modify electrical wiring without disabling incoming DC breaker. ●​ NEVER operate the controller in environments where ambient temperature exceeds 40°C. ●​ NEVER clear fault logs while the process skid is active in AUTO mode. 3. Emergency Shutdown Procedure (E-STOP) In the event of fluid leaks, abnormal noise, smoke, or uncontrolled parameter runaway:","●​ Payload: JSON 13.​{ 14.​ ""parameter"": ""FLOW_TARGET"", 15.​ ""value"": 110.0 16.​} ●​ Response: 200 OK on success, 400 Bad Request if value exceeds range. 4. Error Codes & Fault Diagnostics Error Code Hex Code Description Recommended Action ERR_101 0x0065 Supply Voltage Low (< 18.0 VDC) Check DC power supply output voltage. ERR_102 0x0066 Over-Pressure Limit Triggered Verify discharge line valves and reset register PRESS_MAX_LIMIT. ERR_204 0x00CC Comm Timeout Limit Exceeded Inspect cabling; confirm client matches COM_TIMEOUT setting. 17.​"
8,I.pdf,1,92a7f8ae-2570-41a5-ade1-fcc4fc89dafd,G.pdf,2,c7a714d5-13f8-41d3-a3a8-d40a3a1bbdc1,0.087122,0.508288,0.666667,0.500000,0.414044,1,55°C,20.0 – 75.0 °C,DATE|TEMPERATURE,DATE|MODEL_NUMBER|TEMPERATURE,blockages; verify valve V-102 opening speed Communication Failure / Dropped Frames Network packet dropping or timeout settings too aggressive Ping controller IP; check diagnostic register 40033 Ensure client retry timeout is set to at least 3000 ms with 3 retry attempts Unexpected Thermal Shutdown High internal or cabinet ambient temperature Check internal temperature sensor reading vs external ambient Ensure ambient temperature does not exceed maximum installation threshold of 55°C,"40012 FLOW_TARGET FLOAT3 2 80.0 0.0 – 180.0 L/mi n Operational target flow rate 40020 TEMP_TRIP_SET FLOAT3 2 60.0 20.0 – 75.0 °C Upper temperature emergency shutdown threshold 40033 COM_TIMEOUT UINT16 5000 1000 – 30000 ms API communicatio n keep-alive timeout 3. REST API Interface Examples 3.1 Get System Status ●​ Request Endpoint: GET /api/v2/system/status ●​ Headers: Authorization: Bearer <token> ●​ Sample JSON Response: JSON 1.​ { 2.​ ""device_id"": ""XR500-88492"", 3.​ ""firmware_version"": ""v2.4.1"", 4.​ ""system_state"": ""RUNNING"", 5.​ ""telemetry"": { 6.​ ""operating_pressure_bar"": 4.2, 7.​ ""flow_rate_lpm"": 85.0, 8.​ ""internal_temp_c"": 38.5, 9.​ ""supply_voltage_vdc"": 24.1 10.​ }, 11.​ ""status_code"": 200 12.​}"
9,I.pdf,1,c89e2dfd-f1ac-4742-b282-2ec9c7b87886,F.pdf,1,26814e5b-dadd-430e-8308-ff247ffb400b,0.146191,0.637771,0.333333,0.375000,0.398864,1,8.0 bar,8.0 bar,MODEL_NUMBER|PRESSURE,FLOW_RATE|MODEL_NUMBER|PERCENT|PRESSURE|TEMPERATURE|VOLTAGE,"XR-500 Industrial Controller Troubleshooting & Service Guide Document ID: DOC-XR500-TSG-v1.2 Target Audience: Field Service Engineers & Maintenance Personnel 1. Fault Isolation & Diagnostic Flow 1.1 General Fault Resolution Matrix When an anomaly occurs, the XR-500 onboard controller logs diagnostic codes to the system event log. Refer to the matrix below for common fault symptoms, root causes, and corrective field procedures. Symptom Probable Cause Diagnostic Step Corrective Action System halts abruptly with ERR_102 Line pressure exceeded upper safety trip point Check historical trend graphs for pressure spikes above 8.0 bar Inspect downstream control valves for blockages; verify valve V-102 opening speed Communication Failure / Dropped Frames","XR-500 Industrial Controller Operations & Maintenance Manual Document ID: DOC-XR500-OMM-v3.0 Target Model: XR-500 Series Control Systems 1. System Operational Limits & Parameters 1.1 Operating Envelope The XR-500 system maintains automatic supervisory oversight of process variables. Operating outside defined envelope parameters triggers automatic warnings, throttling, or emergency trips. Parameter Normal Range Maximum Limit Units Process Fluid Pressure 1.0 – 6.5 8.0 bar Volumetric Flow Rate 10 – 120 150 L/min Operating Temperature -10 to 45 50 °C Input Supply Voltage 20.0 – 28.0 32.0 VDC System Duty Cycle Continuous (24/7) 100% Load — 2. Normal Operating Procedures 2.1 System Startup"
10,E.pdf,1,f325c245-d303-4f0e-981f-72a11053f0e0,G.pdf,1,e42eff19-3994-404b-9c30-514883ebf634,0.134398,0.537461,1.000000,0.000000,0.391117,1,,,MODEL_NUMBER,MODEL_NUMBER,"XR-500 Industrial Controller Installation & Commissioning Guide Document ID: DOC-XR500-INS-v2.1 Target Model: XR-500-A1 / XR-500-B1 1. General Overview & Safety Precautions 1.1 Safety Overview The XR-500 Industrial Controller is a high-reliability control unit designed for heavy manufacturing, process control, and automated fluid management systems. Standard electrical and industrial safety procedures must be observed at all times during installation and commissioning. ●​ Qualified Personnel: Only certified control technicians or licensed electricians should perform electrical wiring and physical mounting. ●​ Isolation: Always verify main incoming power feeds are de-energized, locked out, and tagged out (LOTO) prior to terminal connection.","XR-500 Industrial Controller Configuration & API Reference Document ID: DOC-XR500-API-v1.4 Protocol Version: REST API v2 / Modbus-TCP v1.1 1. Communication Settings & Interface Protocols 1.1 Network Configuration The XR-500 system provides dual Ethernet interfaces (ETH1, ETH2) supporting standard industrial communications including Modbus/TCP, EtherNet/IP, and a native RESTful JSON API. ●​ Default Interface (ETH1): Static IP 192.168.1.100 ●​ Default Port Settings: ○​ Web GUI / REST API: Port 80 / 443 ○​ Modbus/TCP: Port 502 ●​ Network Timeout Setting: ○​ Parameter NET_TIMEOUT_MS: Default 3000 ms (Allowed Range: 500 – 10000 ms) ○​ Network Retry Attempts (NET_RETRY_CNT): Default 3 (Allowed Range: 1 – 5) 2. System Configuration Parameters 2.1 Configurable Register Map"
11,E.pdf,1,f325c245-d303-4f0e-981f-72a11053f0e0,I.pdf,1,c89e2dfd-f1ac-4742-b282-2ec9c7b87886,0.214279,0.663649,0.500000,0.000000,0.378912,1,,,MODEL_NUMBER,MODEL_NUMBER|PRESSURE,"XR-500 Industrial Controller Installation & Commissioning Guide Document ID: DOC-XR500-INS-v2.1 Target Model: XR-500-A1 / XR-500-B1 1. General Overview & Safety Precautions 1.1 Safety Overview The XR-500 Industrial Controller is a high-reliability control unit designed for heavy manufacturing, process control, and automated fluid management systems. Standard electrical and industrial safety procedures must be observed at all times during installation and commissioning. ●​ Qualified Personnel: Only certified control technicians or licensed electricians should perform electrical wiring and physical mounting. ●​ Isolation: Always verify main incoming power feeds are de-energized, locked out, and tagged out (LOTO) prior to terminal connection.","XR-500 Industrial Controller Troubleshooting & Service Guide Document ID: DOC-XR500-TSG-v1.2 Target Audience: Field Service Engineers & Maintenance Personnel 1. Fault Isolation & Diagnostic Flow 1.1 General Fault Resolution Matrix When an anomaly occurs, the XR-500 onboard controller logs diagnostic codes to the system event log. Refer to the matrix below for common fault symptoms, root causes, and corrective field procedures. Symptom Probable Cause Diagnostic Step Corrective Action System halts abruptly with ERR_102 Line pressure exceeded upper safety trip point Check historical trend graphs for pressure spikes above 8.0 bar Inspect downstream control valves for blockages; verify valve V-102 opening speed Communication Failure / Dropped Frames"
12,E.pdf,2,b7807dc3-07ae-4788-93a6-7f720c6aed18,H.pdf,2,c04bec4a-b16c-4e2d-893d-8cd2f8e3bed0,0.093520,0.478871,0.500000,0.500000,0.378579,1,24 VDC,30.0 VDC,DATE|TEMPERATURE|VOLTAGE,FLOW_RATE|TEMPERATURE|VOLTAGE,wide input ranges. ●​ Primary Power Input: 24 VDC Nominal (Acceptable Range: 18.0 VDC to 32.0 VDC) ●​ Maximum Power Consumption: 45 W Peak (32 W typical) ●​ Inrush Current: < 12 A for < 5 ms ●​ Circuit Breaker Requirement: 5 A slow-blow fuse or dedicated miniature circuit breaker (MCB) 3.2 Terminal Pinouts Connect all primary power wiring to Terminal Block A (TB-A) using 16 AWG stranded copper wire rated for 90°C. ●​ TB-A Pin 1: +24 VDC Line ●​ TB-A Pin 2: DC Return (GND) ●​ TB-A Pin 3: Protective Earth (PE Chassis Ground) 4. Initial Commissioning Procedure 4.1 Pre-Power Checks 1.​ Inspect all physical wire connections for correct polarity and mechanical firmness. 2.​ Confirm that analog and digital expansion module ribbon cables are fully seated.,"7.​ Maximum Line Flow Rate 180.0 L/min Pump Drive Overload Trip 8.​ Ambient Operating Temp -10°C to 40°C System Thermal Lockout 9.​ Maximum Supply Voltage 30.0 VDC Power Board Overvoltage Shutdown 10.​=================================================================== ============ 2.2 Prohibited Actions ●​ NEVER attempt to modify electrical wiring without disabling incoming DC breaker. ●​ NEVER operate the controller in environments where ambient temperature exceeds 40°C. ●​ NEVER clear fault logs while the process skid is active in AUTO mode. 3. Emergency Shutdown Procedure (E-STOP) In the event of fluid leaks, abnormal noise, smoke, or uncontrolled parameter runaway:"
13,H.pdf,2,77fb0e52-48b0-4c2a-9aa2-5f9f05af5a77,F.pdf,1,d58b93a3-02fc-4970-b004-0134b0641aba,0.097969,0.401932,0.333333,0.750000,0.375460,1,0.0 bar,2.5 bar,DATE|PRESSURE,PERCENT|PRESSURE,"In the event of fluid leaks, abnormal noise, smoke, or uncontrolled parameter runaway: 1.​ Press the nearest Physical Emergency Stop (E-Stop) Button located on the front cabinet door or remote panel station. 2.​ The controller automatically drops the main isolation contactor within < 50 ms, removing power from all connected actuator solenoids and motor drives. 3.​ Close manual fluid isolation valves V-101 (Inlet) and V-102 (Outlet). 4.​ Verify system pressure gauge indicates 0.0 bar before approaching the fluid manifold assembly. 5.​ Notify the Area Safety Supervisor and file an Incident Log Report. 4. Routine Safety Inspection Procedure Perform weekly safety checks according to the following checklist:",Continuous (24/7) 100% Load — 2. Normal Operating Procedures 2.1 System Startup 1.​ Ensure the main electrical disconnect switch is placed in the ON position. 2.​ Verify system boot completion via the HMI display reading: STATUS: READY. 3.​ Press the blue RUN button on the control panel door or issue the CMD_START command viaModbus/TCP. 4.​ Verify system pressure stabilizes between 2.5 bar and 4.0 bar within 30 seconds of pump engagement.
14,H.pdf,2,c04bec4a-b16c-4e2d-893d-8cd2f8e3bed0,F.pdf,2,b733a4e5-dbeb-49c1-b5a9-3399a59e936e,0.106049,0.555474,0.250000,0.500000,0.369664,1,-10°C to 40°C,35°C,FLOW_RATE|TEMPERATURE|VOLTAGE,DATE|TEMPERATURE,"7.​ Maximum Line Flow Rate 180.0 L/min Pump Drive Overload Trip 8.​ Ambient Operating Temp -10°C to 40°C System Thermal Lockout 9.​ Maximum Supply Voltage 30.0 VDC Power Board Overvoltage Shutdown 10.​=================================================================== ============ 2.2 Prohibited Actions ●​ NEVER attempt to modify electrical wiring without disabling incoming DC breaker. ●​ NEVER operate the controller in environments where ambient temperature exceeds 40°C. ●​ NEVER clear fault logs while the process skid is active in AUTO mode. 3. Emergency Shutdown Procedure (E-STOP) In the event of fluid leaks, abnormal noise, smoke, or uncontrolled parameter runaway:","2.2 Normal Shutdown Procedure 1.​ Disengage automatic sequence control on the supervisory workstation. 2.​ Issue the CMD_STOP command or hold the front panel STOP button for 3 seconds. 3.​ Allow the recirculation pump to run in flush mode for 120 seconds to cool internal drive elements. 4.​ Once fluid temperature drops below 35°C, close main inlet valves V-101 and V-102. 3. Preventive Maintenance Schedules 3.1 Periodic Maintenance Table To maintain operational integrity and system compliance, perform scheduled maintenance tasks strictly according to the intervals listed below. 1.​ +------------------+-----------------------------------------------+---------------+ 2.​ | Interval | Task Description | Responsible |"
15,G.pdf,2,c7a714d5-13f8-41d3-a3a8-d40a3a1bbdc1,F.pdf,2,b733a4e5-dbeb-49c1-b5a9-3399a59e936e,0.029540,0.428496,0.666667,0.500000,0.369196,1,20.0 – 75.0 °C,35°C,DATE|MODEL_NUMBER|TEMPERATURE,DATE|TEMPERATURE,"40012 FLOW_TARGET FLOAT3 2 80.0 0.0 – 180.0 L/mi n Operational target flow rate 40020 TEMP_TRIP_SET FLOAT3 2 60.0 20.0 – 75.0 °C Upper temperature emergency shutdown threshold 40033 COM_TIMEOUT UINT16 5000 1000 – 30000 ms API communicatio n keep-alive timeout 3. REST API Interface Examples 3.1 Get System Status ●​ Request Endpoint: GET /api/v2/system/status ●​ Headers: Authorization: Bearer <token> ●​ Sample JSON Response: JSON 1.​ { 2.​ ""device_id"": ""XR500-88492"", 3.​ ""firmware_version"": ""v2.4.1"", 4.​ ""system_state"": ""RUNNING"", 5.​ ""telemetry"": { 6.​ ""operating_pressure_bar"": 4.2, 7.​ ""flow_rate_lpm"": 85.0, 8.​ ""internal_temp_c"": 38.5, 9.​ ""supply_voltage_vdc"": 24.1 10.​ }, 11.​ ""status_code"": 200 12.​}","2.2 Normal Shutdown Procedure 1.​ Disengage automatic sequence control on the supervisory workstation. 2.​ Issue the CMD_STOP command or hold the front panel STOP button for 3 seconds. 3.​ Allow the recirculation pump to run in flush mode for 120 seconds to cool internal drive elements. 4.​ Once fluid temperature drops below 35°C, close main inlet valves V-101 and V-102. 3. Preventive Maintenance Schedules 3.1 Periodic Maintenance Table To maintain operational integrity and system compliance, perform scheduled maintenance tasks strictly according to the intervals listed below. 1.​ +------------------+-----------------------------------------------+---------------+ 2.​ | Interval | Task Description | Responsible |"
16,H.pdf,2,77fb0e52-48b0-4c2a-9aa2-5f9f05af5a77,G.pdf,1,56ef5443-1bc1-40c6-83bf-b7d3270d7686,0.051653,0.319844,1.000000,0.375000,0.364607,1,0.0 bar,1.0 – 12.0 bar,DATE|PRESSURE,DATE|PRESSURE,"In the event of fluid leaks, abnormal noise, smoke, or uncontrolled parameter runaway: 1.​ Press the nearest Physical Emergency Stop (E-Stop) Button located on the front cabinet door or remote panel station. 2.​ The controller automatically drops the main isolation contactor within < 50 ms, removing power from all connected actuator solenoids and motor drives. 3.​ Close manual fluid isolation valves V-101 (Inlet) and V-102 (Outlet). 4.​ Verify system pressure gauge indicates 0.0 bar before approaching the fluid manifold assembly. 5.​ Notify the Area Safety Supervisor and file an Incident Log Report. 4. Routine Safety Inspection Procedure Perform weekly safety checks according to the following checklist:","2. System Configuration Parameters 2.1 Configurable Register Map The following table outlines key internal configuration parameters accessible via Modbus holding registers or REST API endpoints. Registe r Parameter Name Data Type Defaul t Value Allowe d Range Unit Description 40001 SYS_MODE UINT16 1 0 – 3 — 0=Standby, 1=Auto, 2=Manual, 3=Cal 40005 PRESS_MAX_LIM IT FLOAT3 2 8.0 1.0 – 12.0 bar High pressure trip threshold"
17,H.pdf,2,c04bec4a-b16c-4e2d-893d-8cd2f8e3bed0,I.pdf,1,92a7f8ae-2570-41a5-ade1-fcc4fc89dafd,0.125586,0.504145,0.250000,0.500000,0.356656,1,-10°C to 40°C,55°C,FLOW_RATE|TEMPERATURE|VOLTAGE,DATE|TEMPERATURE,"7.​ Maximum Line Flow Rate 180.0 L/min Pump Drive Overload Trip 8.​ Ambient Operating Temp -10°C to 40°C System Thermal Lockout 9.​ Maximum Supply Voltage 30.0 VDC Power Board Overvoltage Shutdown 10.​=================================================================== ============ 2.2 Prohibited Actions ●​ NEVER attempt to modify electrical wiring without disabling incoming DC breaker. ●​ NEVER operate the controller in environments where ambient temperature exceeds 40°C. ●​ NEVER clear fault logs while the process skid is active in AUTO mode. 3. Emergency Shutdown Procedure (E-STOP) In the event of fluid leaks, abnormal noise, smoke, or uncontrolled parameter runaway:",blockages; verify valve V-102 opening speed Communication Failure / Dropped Frames Network packet dropping or timeout settings too aggressive Ping controller IP; check diagnostic register 40033 Ensure client retry timeout is set to at least 3000 ms with 3 retry attempts Unexpected Thermal Shutdown High internal or cabinet ambient temperature Check internal temperature sensor reading vs external ambient Ensure ambient temperature does not exceed maximum installation threshold of 55°C
18,E.pdf,2,b7807dc3-07ae-4788-93a6-7f720c6aed18,I.pdf,2,49527977-1189-487c-9c96-3be3fa2ec9fa,0.127752,0.391250,0.500000,0.500000,0.356621,1,slow-blow,Fast-Acting,DATE|TEMPERATURE|VOLTAGE,DATE|QUANTITY|VOLTAGE,wide input ranges. ●​ Primary Power Input: 24 VDC Nominal (Acceptable Range: 18.0 VDC to 32.0 VDC) ●​ Maximum Power Consumption: 45 W Peak (32 W typical) ●​ Inrush Current: < 12 A for < 5 ms ●​ Circuit Breaker Requirement: 5 A slow-blow fuse or dedicated miniature circuit breaker (MCB) 3.2 Terminal Pinouts Connect all primary power wiring to Terminal Block A (TB-A) using 16 AWG stranded copper wire rated for 90°C. ●​ TB-A Pin 1: +24 VDC Line ●​ TB-A Pin 2: DC Return (GND) ●​ TB-A Pin 3: Protective Earth (PE Chassis Ground) 4. Initial Commissioning Procedure 4.1 Pre-Power Checks 1.​ Inspect all physical wire connections for correct polarity and mechanical firmness. 2.​ Confirm that analog and digital expansion module ribbon cables are fully seated.,"●​ Full Valve & Seal Replacement Overhaul: Every 24 Months or 10,000 Operating Hours 2.2 Fuse & Electrical Component Replacement If primary power does not initiate, verify incoming lines before replacing internal components: 1.​ Isolate incoming DC power. 2.​ Open lower terminal housing panel. 3.​ Inspect main fuse F1 (5 A, 250 V, Fast-Acting Ceramic 5x20 mm). 4.​ Replace only with identical rated fuse (Part No. FUS-5A-FA). 3. Diagnostic Procedures 3.1 Network Communication Test Procedure 1.​ Connect laptop directly to Port ETH1 using a standard Cat6 Ethernet patch cable. 2.​ Configure workstation static IP to 192.168.1.150, Subnet 255.255.255.0. 3.​ Open terminal console and issue ping test: ping 192.168.1.100 -n 10."
19,H.pdf,1,a38693a6-7010-43f9-93cb-57ac82ab6ae0,G.pdf,1,56ef5443-1bc1-40c6-83bf-b7d3270d7686,0.072281,0.430319,0.500000,0.500000,0.355154,1,10.5 bar,1.0 – 12.0 bar,PRESSURE,DATE|PRESSURE,"jumpered. 2. Operational Safety Limits & Prohibited Conditions 2.1 Critical Safety Thresholds To prevent catastrophic mechanical failure or fluid line rupture, the unit MUST NOT be operated outside the strict safety limits defined below. 1.​ =================================================================== ============ 2.​ CRITICAL SAFETY OPERATING BOUNDARIES 3.​ =================================================================== ============ 4.​ Parameter Absolute Safety Limit Action On Exceedance 5.​ ------------------------------------------------------------------------------- 6.​ Maximum System Pressure 10.5 bar Immediate Pressure Relief Valve trip","2. System Configuration Parameters 2.1 Configurable Register Map The following table outlines key internal configuration parameters accessible via Modbus holding registers or REST API endpoints. Registe r Parameter Name Data Type Defaul t Value Allowe d Range Unit Description 40001 SYS_MODE UINT16 1 0 – 3 — 0=Standby, 1=Auto, 2=Manual, 3=Cal 40005 PRESS_MAX_LIM IT FLOAT3 2 8.0 1.0 – 12.0 bar High pressure trip threshold"
20,E.pdf,1,f325c245-d303-4f0e-981f-72a11053f0e0,H.pdf,1,9d2908ba-a3cf-4853-a950-d7c4fc077a6e,0.192851,0.683990,0.333333,0.000000,0.353568,1,,,MODEL_NUMBER,DATE|MODEL_NUMBER|QUANTITY,"XR-500 Industrial Controller Installation & Commissioning Guide Document ID: DOC-XR500-INS-v2.1 Target Model: XR-500-A1 / XR-500-B1 1. General Overview & Safety Precautions 1.1 Safety Overview The XR-500 Industrial Controller is a high-reliability control unit designed for heavy manufacturing, process control, and automated fluid management systems. Standard electrical and industrial safety procedures must be observed at all times during installation and commissioning. ●​ Qualified Personnel: Only certified control technicians or licensed electricians should perform electrical wiring and physical mounting. ●​ Isolation: Always verify main incoming power feeds are de-energized, locked out, and tagged out (LOTO) prior to terminal connection.","XR-500 Industrial Controller Safety & Standard Operating Procedure (SOP) Document ID: SOP-XR500-SAF-002 Effective Date: January 15, 2026 Revision: Rev 4 1. Safety Requirements & Compliance 1.1 Personal Protective Equipment (PPE) All operators and maintenance technicians working within 2 meters of the XR-500 controlled process skid must wear the following mandatory safety gear: ●​ Safety Glasses with side shields (ANSI Z87.1 approved) ●​ Steel-toe work boots (ASTM F2413) ●​ Heat-resistant and chemical-resistant gloves (EN 374 compliant) 1.2 Interlock & Safety Systems The XR-500 is equipped with redundant dual-channel safety circuits. Under no circumstances should safety interlocks, enclosure door microswitches, or pressure relief valves be bypassed or jumpered."
21,E.pdf,1,f325c245-d303-4f0e-981f-72a11053f0e0,F.pdf,1,26814e5b-dadd-430e-8308-ff247ffb400b,0.219317,0.721104,0.166667,0.000000,0.347673,1,,,MODEL_NUMBER,FLOW_RATE|MODEL_NUMBER|PERCENT|PRESSURE|TEMPERATURE|VOLTAGE,"XR-500 Industrial Controller Installation & Commissioning Guide Document ID: DOC-XR500-INS-v2.1 Target Model: XR-500-A1 / XR-500-B1 1. General Overview & Safety Precautions 1.1 Safety Overview The XR-500 Industrial Controller is a high-reliability control unit designed for heavy manufacturing, process control, and automated fluid management systems. Standard electrical and industrial safety procedures must be observed at all times during installation and commissioning. ●​ Qualified Personnel: Only certified control technicians or licensed electricians should perform electrical wiring and physical mounting. ●​ Isolation: Always verify main incoming power feeds are de-energized, locked out, and tagged out (LOTO) prior to terminal connection.","XR-500 Industrial Controller Operations & Maintenance Manual Document ID: DOC-XR500-OMM-v3.0 Target Model: XR-500 Series Control Systems 1. System Operational Limits & Parameters 1.1 Operating Envelope The XR-500 system maintains automatic supervisory oversight of process variables. Operating outside defined envelope parameters triggers automatic warnings, throttling, or emergency trips. Parameter Normal Range Maximum Limit Units Process Fluid Pressure 1.0 – 6.5 8.0 bar Volumetric Flow Rate 10 – 120 150 L/min Operating Temperature -10 to 45 50 °C Input Supply Voltage 20.0 – 28.0 32.0 VDC System Duty Cycle Continuous (24/7) 100% Load — 2. Normal Operating Procedures 2.1 System Startup"
22,H.pdf,1,a38693a6-7010-43f9-93cb-57ac82ab6ae0,I.pdf,1,c89e2dfd-f1ac-4742-b282-2ec9c7b87886,0.109941,0.369747,0.500000,0.500000,0.343893,1,10.5 bar,8.0 bar,PRESSURE,MODEL_NUMBER|PRESSURE,"jumpered. 2. Operational Safety Limits & Prohibited Conditions 2.1 Critical Safety Thresholds To prevent catastrophic mechanical failure or fluid line rupture, the unit MUST NOT be operated outside the strict safety limits defined below. 1.​ =================================================================== ============ 2.​ CRITICAL SAFETY OPERATING BOUNDARIES 3.​ =================================================================== ============ 4.​ Parameter Absolute Safety Limit Action On Exceedance 5.​ ------------------------------------------------------------------------------- 6.​ Maximum System Pressure 10.5 bar Immediate Pressure Relief Valve trip","XR-500 Industrial Controller Troubleshooting & Service Guide Document ID: DOC-XR500-TSG-v1.2 Target Audience: Field Service Engineers & Maintenance Personnel 1. Fault Isolation & Diagnostic Flow 1.1 General Fault Resolution Matrix When an anomaly occurs, the XR-500 onboard controller logs diagnostic codes to the system event log. Refer to the matrix below for common fault symptoms, root causes, and corrective field procedures. Symptom Probable Cause Diagnostic Step Corrective Action System halts abruptly with ERR_102 Line pressure exceeded upper safety trip point Check historical trend graphs for pressure spikes above 8.0 bar Inspect downstream control valves for blockages; verify valve V-102 opening speed Communication Failure / Dropped Frames"
23,H.pdf,2,77fb0e52-48b0-4c2a-9aa2-5f9f05af5a77,I.pdf,1,c89e2dfd-f1ac-4742-b282-2ec9c7b87886,0.100349,0.489222,0.333333,0.375000,0.332551,1,0.0 bar,8.0 bar,DATE|PRESSURE,MODEL_NUMBER|PRESSURE,"In the event of fluid leaks, abnormal noise, smoke, or uncontrolled parameter runaway: 1.​ Press the nearest Physical Emergency Stop (E-Stop) Button located on the front cabinet door or remote panel station. 2.​ The controller automatically drops the main isolation contactor within < 50 ms, removing power from all connected actuator solenoids and motor drives. 3.​ Close manual fluid isolation valves V-101 (Inlet) and V-102 (Outlet). 4.​ Verify system pressure gauge indicates 0.0 bar before approaching the fluid manifold assembly. 5.​ Notify the Area Safety Supervisor and file an Incident Log Report. 4. Routine Safety Inspection Procedure Perform weekly safety checks according to the following checklist:","XR-500 Industrial Controller Troubleshooting & Service Guide Document ID: DOC-XR500-TSG-v1.2 Target Audience: Field Service Engineers & Maintenance Personnel 1. Fault Isolation & Diagnostic Flow 1.1 General Fault Resolution Matrix When an anomaly occurs, the XR-500 onboard controller logs diagnostic codes to the system event log. Refer to the matrix below for common fault symptoms, root causes, and corrective field procedures. Symptom Probable Cause Diagnostic Step Corrective Action System halts abruptly with ERR_102 Line pressure exceeded upper safety trip point Check historical trend graphs for pressure spikes above 8.0 bar Inspect downstream control valves for blockages; verify valve V-102 opening speed Communication Failure / Dropped Frames"
24,H.pdf,2,72d9c05a-a594-4f5a-a052-4ebd0455683d,G.pdf,2,c7a714d5-13f8-41d3-a3a8-d40a3a1bbdc1,0.044856,0.303771,0.666667,0.500000,0.328584,1,40°C,20.0 – 75.0 °C,DATE|TEMPERATURE,DATE|MODEL_NUMBER|TEMPERATURE,Perform weekly safety checks according to the following checklist: 1.​ Test Emergency Stop button responsiveness while operating in low-flow test mode. 2.​ Check enclosure door gaskets for signs of degradation or moisture intrusion. 3.​ Inspect ground bonding strap for tightness and freedom from corrosion. 4.​ Verify ambient enclosure temperature reading on HMI panel remains below 40°C during peak operation. 11.​,"40012 FLOW_TARGET FLOAT3 2 80.0 0.0 – 180.0 L/mi n Operational target flow rate 40020 TEMP_TRIP_SET FLOAT3 2 60.0 20.0 – 75.0 °C Upper temperature emergency shutdown threshold 40033 COM_TIMEOUT UINT16 5000 1000 – 30000 ms API communicatio n keep-alive timeout 3. REST API Interface Examples 3.1 Get System Status ●​ Request Endpoint: GET /api/v2/system/status ●​ Headers: Authorization: Bearer <token> ●​ Sample JSON Response: JSON 1.​ { 2.​ ""device_id"": ""XR500-88492"", 3.​ ""firmware_version"": ""v2.4.1"", 4.​ ""system_state"": ""RUNNING"", 5.​ ""telemetry"": { 6.​ ""operating_pressure_bar"": 4.2, 7.​ ""flow_rate_lpm"": 85.0, 8.​ ""internal_temp_c"": 38.5, 9.​ ""supply_voltage_vdc"": 24.1 10.​ }, 11.​ ""status_code"": 200 12.​}"
25,H.pdf,2,77fb0e52-48b0-4c2a-9aa2-5f9f05af5a77,F.pdf,1,26814e5b-dadd-430e-8308-ff247ffb400b,0.070937,0.365668,0.142857,0.750000,0.324360,1,0.0 bar,8.0 bar,DATE|PRESSURE,FLOW_RATE|MODEL_NUMBER|PERCENT|PRESSURE|TEMPERATURE|VOLTAGE,"In the event of fluid leaks, abnormal noise, smoke, or uncontrolled parameter runaway: 1.​ Press the nearest Physical Emergency Stop (E-Stop) Button located on the front cabinet door or remote panel station. 2.​ The controller automatically drops the main isolation contactor within < 50 ms, removing power from all connected actuator solenoids and motor drives. 3.​ Close manual fluid isolation valves V-101 (Inlet) and V-102 (Outlet). 4.​ Verify system pressure gauge indicates 0.0 bar before approaching the fluid manifold assembly. 5.​ Notify the Area Safety Supervisor and file an Incident Log Report. 4. Routine Safety Inspection Procedure Perform weekly safety checks according to the following checklist:","XR-500 Industrial Controller Operations & Maintenance Manual Document ID: DOC-XR500-OMM-v3.0 Target Model: XR-500 Series Control Systems 1. System Operational Limits & Parameters 1.1 Operating Envelope The XR-500 system maintains automatic supervisory oversight of process variables. Operating outside defined envelope parameters triggers automatic warnings, throttling, or emergency trips. Parameter Normal Range Maximum Limit Units Process Fluid Pressure 1.0 – 6.5 8.0 bar Volumetric Flow Rate 10 – 120 150 L/min Operating Temperature -10 to 45 50 °C Input Supply Voltage 20.0 – 28.0 32.0 VDC System Duty Cycle Continuous (24/7) 100% Load — 2. Normal Operating Procedures 2.1 System Startup"
26,G.pdf,3,edbcec2a-9ca5-43d8-82e5-91dc80d361bb,F.pdf,1,26814e5b-dadd-430e-8308-ff247ffb400b,0.077010,0.349211,0.166667,0.750000,0.323945,1,18.0 VDC,32.0 VDC,VOLTAGE,FLOW_RATE|MODEL_NUMBER|PERCENT|PRESSURE|TEMPERATURE|VOLTAGE,"●​ Payload: JSON 13.​{ 14.​ ""parameter"": ""FLOW_TARGET"", 15.​ ""value"": 110.0 16.​} ●​ Response: 200 OK on success, 400 Bad Request if value exceeds range. 4. Error Codes & Fault Diagnostics Error Code Hex Code Description Recommended Action ERR_101 0x0065 Supply Voltage Low (< 18.0 VDC) Check DC power supply output voltage. ERR_102 0x0066 Over-Pressure Limit Triggered Verify discharge line valves and reset register PRESS_MAX_LIMIT. ERR_204 0x00CC Comm Timeout Limit Exceeded Inspect cabling; confirm client matches COM_TIMEOUT setting. 17.​","XR-500 Industrial Controller Operations & Maintenance Manual Document ID: DOC-XR500-OMM-v3.0 Target Model: XR-500 Series Control Systems 1. System Operational Limits & Parameters 1.1 Operating Envelope The XR-500 system maintains automatic supervisory oversight of process variables. Operating outside defined envelope parameters triggers automatic warnings, throttling, or emergency trips. Parameter Normal Range Maximum Limit Units Process Fluid Pressure 1.0 – 6.5 8.0 bar Volumetric Flow Rate 10 – 120 150 L/min Operating Temperature -10 to 45 50 °C Input Supply Voltage 20.0 – 28.0 32.0 VDC System Duty Cycle Continuous (24/7) 100% Load — 2. Normal Operating Procedures 2.1 System Startup"
27,H.pdf,2,c04bec4a-b16c-4e2d-893d-8cd2f8e3bed0,G.pdf,2,c7a714d5-13f8-41d3-a3a8-d40a3a1bbdc1,0.076664,0.436874,0.200000,0.500000,0.310740,1,-10°C to 40°C,20.0 – 75.0 °C,FLOW_RATE|TEMPERATURE|VOLTAGE,DATE|MODEL_NUMBER|TEMPERATURE,"7.​ Maximum Line Flow Rate 180.0 L/min Pump Drive Overload Trip 8.​ Ambient Operating Temp -10°C to 40°C System Thermal Lockout 9.​ Maximum Supply Voltage 30.0 VDC Power Board Overvoltage Shutdown 10.​=================================================================== ============ 2.2 Prohibited Actions ●​ NEVER attempt to modify electrical wiring without disabling incoming DC breaker. ●​ NEVER operate the controller in environments where ambient temperature exceeds 40°C. ●​ NEVER clear fault logs while the process skid is active in AUTO mode. 3. Emergency Shutdown Procedure (E-STOP) In the event of fluid leaks, abnormal noise, smoke, or uncontrolled parameter runaway:","40012 FLOW_TARGET FLOAT3 2 80.0 0.0 – 180.0 L/mi n Operational target flow rate 40020 TEMP_TRIP_SET FLOAT3 2 60.0 20.0 – 75.0 °C Upper temperature emergency shutdown threshold 40033 COM_TIMEOUT UINT16 5000 1000 – 30000 ms API communicatio n keep-alive timeout 3. REST API Interface Examples 3.1 Get System Status ●​ Request Endpoint: GET /api/v2/system/status ●​ Headers: Authorization: Bearer <token> ●​ Sample JSON Response: JSON 1.​ { 2.​ ""device_id"": ""XR500-88492"", 3.​ ""firmware_version"": ""v2.4.1"", 4.​ ""system_state"": ""RUNNING"", 5.​ ""telemetry"": { 6.​ ""operating_pressure_bar"": 4.2, 7.​ ""flow_rate_lpm"": 85.0, 8.​ ""internal_temp_c"": 38.5, 9.​ ""supply_voltage_vdc"": 24.1 10.​ }, 11.​ ""status_code"": 200 12.​}"
28,E.pdf,1,4283c023-732b-4278-afab-ed39f4de33e2,H.pdf,2,72d9c05a-a594-4f5a-a052-4ebd0455683d,0.052270,0.385211,0.333333,0.500000,0.306645,1,-10°C to 55°C,40°C,PERCENT|TEMPERATURE,DATE|TEMPERATURE,"tagged out (LOTO) prior to terminal connection. ●​ Grounding: Ensure protective earth (PE) grounding is established with a maximum impedance of < 0.5 Ω. 2. Environmental & Mounting Specifications 2.1 Environmental Requirements To ensure continuous operation and preserve hardware longevity, the installation location must comply with the environmental operating parameters listed below. Environmental Parameter Specification Requirement Operating Temperature -10°C to 55°C (14°F to 131°F) Storage Temperature -20°C to 70°C (-4°F to 158°F) Relative Humidity 5% to 90% Non-Condensing",Perform weekly safety checks according to the following checklist: 1.​ Test Emergency Stop button responsiveness while operating in low-flow test mode. 2.​ Check enclosure door gaskets for signs of degradation or moisture intrusion. 3.​ Inspect ground bonding strap for tightness and freedom from corrosion. 4.​ Verify ambient enclosure temperature reading on HMI panel remains below 40°C during peak operation. 11.​
29,H.pdf,1,a38693a6-7010-43f9-93cb-57ac82ab6ae0,F.pdf,1,26814e5b-dadd-430e-8308-ff247ffb400b,0.169036,0.435953,0.166667,0.375000,0.305940,0,10.5 bar,8.0 bar,PRESSURE,FLOW_RATE|MODEL_NUMBER|PERCENT|PRESSURE|TEMPERATURE|VOLTAGE,"jumpered. 2. Operational Safety Limits & Prohibited Conditions 2.1 Critical Safety Thresholds To prevent catastrophic mechanical failure or fluid line rupture, the unit MUST NOT be operated outside the strict safety limits defined below. 1.​ =================================================================== ============ 2.​ CRITICAL SAFETY OPERATING BOUNDARIES 3.​ =================================================================== ============ 4.​ Parameter Absolute Safety Limit Action On Exceedance 5.​ ------------------------------------------------------------------------------- 6.​ Maximum System Pressure 10.5 bar Immediate Pressure Relief Valve trip","XR-500 Industrial Controller Operations & Maintenance Manual Document ID: DOC-XR500-OMM-v3.0 Target Model: XR-500 Series Control Systems 1. System Operational Limits & Parameters 1.1 Operating Envelope The XR-500 system maintains automatic supervisory oversight of process variables. Operating outside defined envelope parameters triggers automatic warnings, throttling, or emergency trips. Parameter Normal Range Maximum Limit Units Process Fluid Pressure 1.0 – 6.5 8.0 bar Volumetric Flow Rate 10 – 120 150 L/min Operating Temperature -10 to 45 50 °C Input Supply Voltage 20.0 – 28.0 32.0 VDC System Duty Cycle Continuous (24/7) 100% Load — 2. Normal Operating Procedures 2.1 System Startup"
30,I.pdf,1,c89e2dfd-f1ac-4742-b282-2ec9c7b87886,G.pdf,1,56ef5443-1bc1-40c6-83bf-b7d3270d7686,0.029800,0.396747,0.333333,0.500000,0.304506,1,8.0 bar,1.0 – 12.0 bar,MODEL_NUMBER|PRESSURE,DATE|PRESSURE,"XR-500 Industrial Controller Troubleshooting & Service Guide Document ID: DOC-XR500-TSG-v1.2 Target Audience: Field Service Engineers & Maintenance Personnel 1. Fault Isolation & Diagnostic Flow 1.1 General Fault Resolution Matrix When an anomaly occurs, the XR-500 onboard controller logs diagnostic codes to the system event log. Refer to the matrix below for common fault symptoms, root causes, and corrective field procedures. Symptom Probable Cause Diagnostic Step Corrective Action System halts abruptly with ERR_102 Line pressure exceeded upper safety trip point Check historical trend graphs for pressure spikes above 8.0 bar Inspect downstream control valves for blockages; verify valve V-102 opening speed Communication Failure / Dropped Frames","2. System Configuration Parameters 2.1 Configurable Register Map The following table outlines key internal configuration parameters accessible via Modbus holding registers or REST API endpoints. Registe r Parameter Name Data Type Defaul t Value Allowe d Range Unit Description 40001 SYS_MODE UINT16 1 0 – 3 — 0=Standby, 1=Auto, 2=Manual, 3=Cal 40005 PRESS_MAX_LIM IT FLOAT3 2 8.0 1.0 – 12.0 bar High pressure trip threshold"
31,E.pdf,3,9a914e1d-6b14-4390-8b34-12d11b581ae2,I.pdf,2,49527977-1189-487c-9c96-3be3fa2ec9fa,0.270820,0.479500,0.333333,0.000000,0.301783,1,,,VOLTAGE,DATE|QUANTITY|VOLTAGE,4.2 Initial Power-Up Sequence 1.​ Apply 24 VDC power to TB-A. 2.​ Observe the front panel diagnostic LEDs: ○​ POWER LED: Solid Green within 3 seconds. ○​ STATUS LED: Blinking Amber during system bootloader execution (approx. 20 seconds). ○​ SYSTEM READY LED: Solid Green upon boot completion. 3.​ Connect an Ethernet cable from the configuration workstation to Port 1 (ETH1). 4.​ Default Factory IP Address: 192.168.1.100 (Subnet Mask: 255.255.255.0). 5.​ Open a browser and navigate to [http://192.168.1.100](http://192.168.1.100) to launch the Initial Setup Wizard.,"●​ Full Valve & Seal Replacement Overhaul: Every 24 Months or 10,000 Operating Hours 2.2 Fuse & Electrical Component Replacement If primary power does not initiate, verify incoming lines before replacing internal components: 1.​ Isolate incoming DC power. 2.​ Open lower terminal housing panel. 3.​ Inspect main fuse F1 (5 A, 250 V, Fast-Acting Ceramic 5x20 mm). 4.​ Replace only with identical rated fuse (Part No. FUS-5A-FA). 3. Diagnostic Procedures 3.1 Network Communication Test Procedure 1.​ Connect laptop directly to Port ETH1 using a standard Cat6 Ethernet patch cable. 2.​ Configure workstation static IP to 192.168.1.150, Subnet 255.255.255.0. 3.​ Open terminal console and issue ping test: ping 192.168.1.100 -n 10."
32,G.pdf,2,c7a714d5-13f8-41d3-a3a8-d40a3a1bbdc1,F.pdf,1,26814e5b-dadd-430e-8308-ff247ffb400b,0.078112,0.361865,0.285714,0.500000,0.297857,1,20.0 – 75.0 °C,50 °C,DATE|MODEL_NUMBER|TEMPERATURE,FLOW_RATE|MODEL_NUMBER|PERCENT|PRESSURE|TEMPERATURE|VOLTAGE,"40012 FLOW_TARGET FLOAT3 2 80.0 0.0 – 180.0 L/mi n Operational target flow rate 40020 TEMP_TRIP_SET FLOAT3 2 60.0 20.0 – 75.0 °C Upper temperature emergency shutdown threshold 40033 COM_TIMEOUT UINT16 5000 1000 – 30000 ms API communicatio n keep-alive timeout 3. REST API Interface Examples 3.1 Get System Status ●​ Request Endpoint: GET /api/v2/system/status ●​ Headers: Authorization: Bearer <token> ●​ Sample JSON Response: JSON 1.​ { 2.​ ""device_id"": ""XR500-88492"", 3.​ ""firmware_version"": ""v2.4.1"", 4.​ ""system_state"": ""RUNNING"", 5.​ ""telemetry"": { 6.​ ""operating_pressure_bar"": 4.2, 7.​ ""flow_rate_lpm"": 85.0, 8.​ ""internal_temp_c"": 38.5, 9.​ ""supply_voltage_vdc"": 24.1 10.​ }, 11.​ ""status_code"": 200 12.​}","XR-500 Industrial Controller Operations & Maintenance Manual Document ID: DOC-XR500-OMM-v3.0 Target Model: XR-500 Series Control Systems 1. System Operational Limits & Parameters 1.1 Operating Envelope The XR-500 system maintains automatic supervisory oversight of process variables. Operating outside defined envelope parameters triggers automatic warnings, throttling, or emergency trips. Parameter Normal Range Maximum Limit Units Process Fluid Pressure 1.0 – 6.5 8.0 bar Volumetric Flow Rate 10 – 120 150 L/min Operating Temperature -10 to 45 50 °C Input Supply Voltage 20.0 – 28.0 32.0 VDC System Duty Cycle Continuous (24/7) 100% Load — 2. Normal Operating Procedures 2.1 System Startup"
33,G.pdf,1,56ef5443-1bc1-40c6-83bf-b7d3270d7686,F.pdf,1,d58b93a3-02fc-4970-b004-0134b0641aba,0.031346,0.371561,0.333333,0.500000,0.295872,1,1.0 – 12.0 bar,2.5 bar,DATE|PRESSURE,PERCENT|PRESSURE,"2. System Configuration Parameters 2.1 Configurable Register Map The following table outlines key internal configuration parameters accessible via Modbus holding registers or REST API endpoints. Registe r Parameter Name Data Type Defaul t Value Allowe d Range Unit Description 40001 SYS_MODE UINT16 1 0 – 3 — 0=Standby, 1=Auto, 2=Manual, 3=Cal 40005 PRESS_MAX_LIM IT FLOAT3 2 8.0 1.0 – 12.0 bar High pressure trip threshold",Continuous (24/7) 100% Load — 2. Normal Operating Procedures 2.1 System Startup 1.​ Ensure the main electrical disconnect switch is placed in the ON position. 2.​ Verify system boot completion via the HMI display reading: STATUS: READY. 3.​ Press the blue RUN button on the control panel door or issue the CMD_START command viaModbus/TCP. 4.​ Verify system pressure stabilizes between 2.5 bar and 4.0 bar within 30 seconds of pump engagement.
34,E.pdf,2,355ae0c7-e9ed-433e-8e27-a8bd7140064d,H.pdf,1,9d2908ba-a3cf-4853-a950-d7c4fc077a6e,0.071713,0.463731,0.666667,0.000000,0.293689,1,,,MODEL_NUMBER|QUANTITY,DATE|MODEL_NUMBER|QUANTITY,"Enclosure Rating NEMA 4X / IP66 Maximum Vibration 2.5 g RMS (10 Hz – 500 Hz) Maximum Altitude 2,000 meters (6,560 feet) above sea level 2.2 Mechanical Installation 1.​ Secure the mounting bracket to a flat, vertical structural surface using four (4) M6 hex bolts torque-rated to 8.5 N·m. 2.​ Align the mounting tabs on the rear enclosure of the XR-500 with the bracket slots. 3.​ Slide the unit down until the latch mechanism engages with a distinct click. 4.​ Verify clear space around the unit housing: minimum 100 mm top/bottom and 50 mm left/right for thermal dissipation. 3. Electrical & Power Wiring 3.1 Power Supply Specifications The XR-500 contains an auto-sensing internal power supply module designed to accommodate wide input ranges.","XR-500 Industrial Controller Safety & Standard Operating Procedure (SOP) Document ID: SOP-XR500-SAF-002 Effective Date: January 15, 2026 Revision: Rev 4 1. Safety Requirements & Compliance 1.1 Personal Protective Equipment (PPE) All operators and maintenance technicians working within 2 meters of the XR-500 controlled process skid must wear the following mandatory safety gear: ●​ Safety Glasses with side shields (ANSI Z87.1 approved) ●​ Steel-toe work boots (ASTM F2413) ●​ Heat-resistant and chemical-resistant gloves (EN 374 compliant) 1.2 Interlock & Safety Systems The XR-500 is equipped with redundant dual-channel safety circuits. Under no circumstances should safety interlocks, enclosure door microswitches, or pressure relief valves be bypassed or jumpered."
35,I.pdf,1,c89e2dfd-f1ac-4742-b282-2ec9c7b87886,G.pdf,1,e42eff19-3994-404b-9c30-514883ebf634,0.105824,0.509496,0.500000,0.000000,0.293049,1,,,MODEL_NUMBER|PRESSURE,MODEL_NUMBER,"XR-500 Industrial Controller Troubleshooting & Service Guide Document ID: DOC-XR500-TSG-v1.2 Target Audience: Field Service Engineers & Maintenance Personnel 1. Fault Isolation & Diagnostic Flow 1.1 General Fault Resolution Matrix When an anomaly occurs, the XR-500 onboard controller logs diagnostic codes to the system event log. Refer to the matrix below for common fault symptoms, root causes, and corrective field procedures. Symptom Probable Cause Diagnostic Step Corrective Action System halts abruptly with ERR_102 Line pressure exceeded upper safety trip point Check historical trend graphs for pressure spikes above 8.0 bar Inspect downstream control valves for blockages; verify valve V-102 opening speed Communication Failure / Dropped Frames","XR-500 Industrial Controller Configuration & API Reference Document ID: DOC-XR500-API-v1.4 Protocol Version: REST API v2 / Modbus-TCP v1.1 1. Communication Settings & Interface Protocols 1.1 Network Configuration The XR-500 system provides dual Ethernet interfaces (ETH1, ETH2) supporting standard industrial communications including Modbus/TCP, EtherNet/IP, and a native RESTful JSON API. ●​ Default Interface (ETH1): Static IP 192.168.1.100 ●​ Default Port Settings: ○​ Web GUI / REST API: Port 80 / 443 ○​ Modbus/TCP: Port 502 ●​ Network Timeout Setting: ○​ Parameter NET_TIMEOUT_MS: Default 3000 ms (Allowed Range: 500 – 10000 ms) ○​ Network Retry Attempts (NET_RETRY_CNT): Default 3 (Allowed Range: 1 – 5) 2. System Configuration Parameters 2.1 Configurable Register Map"
36,G.pdf,1,56ef5443-1bc1-40c6-83bf-b7d3270d7686,F.pdf,1,26814e5b-dadd-430e-8308-ff247ffb400b,0.076847,0.470498,0.142857,0.375000,0.288754,1,1.0 – 12.0 bar,8.0 bar,DATE|PRESSURE,FLOW_RATE|MODEL_NUMBER|PERCENT|PRESSURE|TEMPERATURE|VOLTAGE,"2. System Configuration Parameters 2.1 Configurable Register Map The following table outlines key internal configuration parameters accessible via Modbus holding registers or REST API endpoints. Registe r Parameter Name Data Type Defaul t Value Allowe d Range Unit Description 40001 SYS_MODE UINT16 1 0 – 3 — 0=Standby, 1=Auto, 2=Manual, 3=Cal 40005 PRESS_MAX_LIM IT FLOAT3 2 8.0 1.0 – 12.0 bar High pressure trip threshold","XR-500 Industrial Controller Operations & Maintenance Manual Document ID: DOC-XR500-OMM-v3.0 Target Model: XR-500 Series Control Systems 1. System Operational Limits & Parameters 1.1 Operating Envelope The XR-500 system maintains automatic supervisory oversight of process variables. Operating outside defined envelope parameters triggers automatic warnings, throttling, or emergency trips. Parameter Normal Range Maximum Limit Units Process Fluid Pressure 1.0 – 6.5 8.0 bar Volumetric Flow Rate 10 – 120 150 L/min Operating Temperature -10 to 45 50 °C Input Supply Voltage 20.0 – 28.0 32.0 VDC System Duty Cycle Continuous (24/7) 100% Load — 2. Normal Operating Procedures 2.1 System Startup"
37,E.pdf,1,4283c023-732b-4278-afab-ed39f4de33e2,I.pdf,1,92a7f8ae-2570-41a5-ade1-fcc4fc89dafd,0.117195,0.277596,0.333333,0.500000,0.286083,1,-10°C to 55°C,55°C,PERCENT|TEMPERATURE,DATE|TEMPERATURE,"tagged out (LOTO) prior to terminal connection. ●​ Grounding: Ensure protective earth (PE) grounding is established with a maximum impedance of < 0.5 Ω. 2. Environmental & Mounting Specifications 2.1 Environmental Requirements To ensure continuous operation and preserve hardware longevity, the installation location must comply with the environmental operating parameters listed below. Environmental Parameter Specification Requirement Operating Temperature -10°C to 55°C (14°F to 131°F) Storage Temperature -20°C to 70°C (-4°F to 158°F) Relative Humidity 5% to 90% Non-Condensing",blockages; verify valve V-102 opening speed Communication Failure / Dropped Frames Network packet dropping or timeout settings too aggressive Ping controller IP; check diagnostic register 40033 Ensure client retry timeout is set to at least 3000 ms with 3 retry attempts Unexpected Thermal Shutdown High internal or cabinet ambient temperature Check internal temperature sensor reading vs external ambient Ensure ambient temperature does not exceed maximum installation threshold of 55°C
38,H.pdf,2,c04bec4a-b16c-4e2d-893d-8cd2f8e3bed0,F.pdf,2,493d41e5-bce7-4119-932f-6d740cc2cd63,0.051388,0.219585,0.250000,0.750000,0.283439,0,30.0 VDC,24 VDC,FLOW_RATE|TEMPERATURE|VOLTAGE,MODEL_NUMBER|VOLTAGE,"7.​ Maximum Line Flow Rate 180.0 L/min Pump Drive Overload Trip 8.​ Ambient Operating Temp -10°C to 40°C System Thermal Lockout 9.​ Maximum Supply Voltage 30.0 VDC Power Board Overvoltage Shutdown 10.​=================================================================== ============ 2.2 Prohibited Actions ●​ NEVER attempt to modify electrical wiring without disabling incoming DC breaker. ●​ NEVER operate the controller in environments where ambient temperature exceeds 40°C. ●​ NEVER clear fault logs while the process skid is active in AUTO mode. 3. Emergency Shutdown Procedure (E-STOP) In the event of fluid leaks, abnormal noise, smoke, or uncontrolled parameter runaway:","3.2 Air Filter Replacement 1.​ Disconnect incoming 24 VDC power supply. 2.​ Remove the front enclosure filter cover by unscrewing the four corner thumb screws. 3.​ Remove the saturated filter element (Part No. FLT-XR500-A). 4.​ Insert the new filter element, ensuring airflow direction arrows point inward toward the heatsink assembly. 5.​ Re-secure cover thumb screws hand-tight. 10.​"
39,H.pdf,1,9d2908ba-a3cf-4853-a950-d7c4fc077a6e,I.pdf,1,c89e2dfd-f1ac-4742-b282-2ec9c7b87886,0.115165,0.582520,0.250000,0.000000,0.281953,1,,,DATE|MODEL_NUMBER|QUANTITY,MODEL_NUMBER|PRESSURE,"XR-500 Industrial Controller Safety & Standard Operating Procedure (SOP) Document ID: SOP-XR500-SAF-002 Effective Date: January 15, 2026 Revision: Rev 4 1. Safety Requirements & Compliance 1.1 Personal Protective Equipment (PPE) All operators and maintenance technicians working within 2 meters of the XR-500 controlled process skid must wear the following mandatory safety gear: ●​ Safety Glasses with side shields (ANSI Z87.1 approved) ●​ Steel-toe work boots (ASTM F2413) ●​ Heat-resistant and chemical-resistant gloves (EN 374 compliant) 1.2 Interlock & Safety Systems The XR-500 is equipped with redundant dual-channel safety circuits. Under no circumstances should safety interlocks, enclosure door microswitches, or pressure relief valves be bypassed or jumpered.","XR-500 Industrial Controller Troubleshooting & Service Guide Document ID: DOC-XR500-TSG-v1.2 Target Audience: Field Service Engineers & Maintenance Personnel 1. Fault Isolation & Diagnostic Flow 1.1 General Fault Resolution Matrix When an anomaly occurs, the XR-500 onboard controller logs diagnostic codes to the system event log. Refer to the matrix below for common fault symptoms, root causes, and corrective field procedures. Symptom Probable Cause Diagnostic Step Corrective Action System halts abruptly with ERR_102 Line pressure exceeded upper safety trip point Check historical trend graphs for pressure spikes above 8.0 bar Inspect downstream control valves for blockages; verify valve V-102 opening speed Communication Failure / Dropped Frames"
40,I.pdf,1,c89e2dfd-f1ac-4742-b282-2ec9c7b87886,F.pdf,1,d58b93a3-02fc-4970-b004-0134b0641aba,0.056639,0.303721,0.333333,0.500000,0.278532,1,8.0 bar,2.5 bar,MODEL_NUMBER|PRESSURE,PERCENT|PRESSURE,"XR-500 Industrial Controller Troubleshooting & Service Guide Document ID: DOC-XR500-TSG-v1.2 Target Audience: Field Service Engineers & Maintenance Personnel 1. Fault Isolation & Diagnostic Flow 1.1 General Fault Resolution Matrix When an anomaly occurs, the XR-500 onboard controller logs diagnostic codes to the system event log. Refer to the matrix below for common fault symptoms, root causes, and corrective field procedures. Symptom Probable Cause Diagnostic Step Corrective Action System halts abruptly with ERR_102 Line pressure exceeded upper safety trip point Check historical trend graphs for pressure spikes above 8.0 bar Inspect downstream control valves for blockages; verify valve V-102 opening speed Communication Failure / Dropped Frames",Continuous (24/7) 100% Load — 2. Normal Operating Procedures 2.1 System Startup 1.​ Ensure the main electrical disconnect switch is placed in the ON position. 2.​ Verify system boot completion via the HMI display reading: STATUS: READY. 3.​ Press the blue RUN button on the control panel door or issue the CMD_START command viaModbus/TCP. 4.​ Verify system pressure stabilizes between 2.5 bar and 4.0 bar within 30 seconds of pump engagement.
41,E.pdf,1,4283c023-732b-4278-afab-ed39f4de33e2,F.pdf,1,26814e5b-dadd-430e-8308-ff247ffb400b,0.098886,0.270334,0.333333,0.500000,0.278342,1,-10°C to 55°C,50 °C,PERCENT|TEMPERATURE,FLOW_RATE|MODEL_NUMBER|PERCENT|PRESSURE|TEMPERATURE|VOLTAGE,"tagged out (LOTO) prior to terminal connection. ●​ Grounding: Ensure protective earth (PE) grounding is established with a maximum impedance of < 0.5 Ω. 2. Environmental & Mounting Specifications 2.1 Environmental Requirements To ensure continuous operation and preserve hardware longevity, the installation location must comply with the environmental operating parameters listed below. Environmental Parameter Specification Requirement Operating Temperature -10°C to 55°C (14°F to 131°F) Storage Temperature -20°C to 70°C (-4°F to 158°F) Relative Humidity 5% to 90% Non-Condensing","XR-500 Industrial Controller Operations & Maintenance Manual Document ID: DOC-XR500-OMM-v3.0 Target Model: XR-500 Series Control Systems 1. System Operational Limits & Parameters 1.1 Operating Envelope The XR-500 system maintains automatic supervisory oversight of process variables. Operating outside defined envelope parameters triggers automatic warnings, throttling, or emergency trips. Parameter Normal Range Maximum Limit Units Process Fluid Pressure 1.0 – 6.5 8.0 bar Volumetric Flow Rate 10 – 120 150 L/min Operating Temperature -10 to 45 50 °C Input Supply Voltage 20.0 – 28.0 32.0 VDC System Duty Cycle Continuous (24/7) 100% Load — 2. Normal Operating Procedures 2.1 System Startup"
42,I.pdf,2,6a026bc6-ef58-41a7-a723-d51f2969ad1b,G.pdf,1,e42eff19-3994-404b-9c30-514883ebf634,0.182430,0.419978,0.000000,0.375000,0.277273,1,3000 ms,3000 ms,PERCENT,MODEL_NUMBER,"3.​ Open terminal console and issue ping test: ping 192.168.1.100 -n 10. 4.​ If packet loss exceeds 0%, inspect cable terminations and verify NET_TIMEOUT_MS register is set to standard default of 3000 ms. 5.​ If communication remains unresponsive, press and hold the internal REBOOT pinhole button for 5 seconds to restore factory network parameters. 1.​","XR-500 Industrial Controller Configuration & API Reference Document ID: DOC-XR500-API-v1.4 Protocol Version: REST API v2 / Modbus-TCP v1.1 1. Communication Settings & Interface Protocols 1.1 Network Configuration The XR-500 system provides dual Ethernet interfaces (ETH1, ETH2) supporting standard industrial communications including Modbus/TCP, EtherNet/IP, and a native RESTful JSON API. ●​ Default Interface (ETH1): Static IP 192.168.1.100 ●​ Default Port Settings: ○​ Web GUI / REST API: Port 80 / 443 ○​ Modbus/TCP: Port 502 ●​ Network Timeout Setting: ○​ Parameter NET_TIMEOUT_MS: Default 3000 ms (Allowed Range: 500 – 10000 ms) ○​ Network Retry Attempts (NET_RETRY_CNT): Default 3 (Allowed Range: 1 – 5) 2. System Configuration Parameters 2.1 Configurable Register Map"
43,H.pdf,1,9d2908ba-a3cf-4853-a950-d7c4fc077a6e,F.pdf,2,cb5e5c0c-c015-4dca-8e80-14a38fcde0e2,0.019352,0.292476,1.000000,0.000000,0.270710,0,,,DATE|MODEL_NUMBER|QUANTITY,DATE|MODEL_NUMBER|QUANTITY,"XR-500 Industrial Controller Safety & Standard Operating Procedure (SOP) Document ID: SOP-XR500-SAF-002 Effective Date: January 15, 2026 Revision: Rev 4 1. Safety Requirements & Compliance 1.1 Personal Protective Equipment (PPE) All operators and maintenance technicians working within 2 meters of the XR-500 controlled process skid must wear the following mandatory safety gear: ●​ Safety Glasses with side shields (ANSI Z87.1 approved) ●​ Steel-toe work boots (ASTM F2413) ●​ Heat-resistant and chemical-resistant gloves (EN 374 compliant) 1.2 Interlock & Safety Systems The XR-500 is equipped with redundant dual-channel safety circuits. Under no circumstances should safety interlocks, enclosure door microswitches, or pressure relief valves be bypassed or jumpered.","2.​ | Interval | Task Description | Responsible | 3.​ +------------------+-----------------------------------------------+---------------+ 4.​ | Daily | Visual inspection of status LEDs and display | Operator | 5.​ | Monthly | Check pressure sensor calibration zero-points | Maintenance | 6.​ | Every 6 Months | Clean/replace internal panel air filter | Maintenance | 7.​ | Every 1,000 Hrs | Replace internal system battery (CR2032) | Lead Tech | 8.​ | Every 12 Months | Full physical seal and valve diaphragm overhaul | Certified Tech| 9.​ +------------------+-----------------------------------------------+---------------+ 3.2 Air Filter Replacement"
44,E.pdf,1,4283c023-732b-4278-afab-ed39f4de33e2,H.pdf,2,c04bec4a-b16c-4e2d-893d-8cd2f8e3bed0,0.057454,0.316545,0.250000,0.500000,0.270043,1,-10°C to 55°C,-10°C to 40°C,PERCENT|TEMPERATURE,FLOW_RATE|TEMPERATURE|VOLTAGE,"tagged out (LOTO) prior to terminal connection. ●​ Grounding: Ensure protective earth (PE) grounding is established with a maximum impedance of < 0.5 Ω. 2. Environmental & Mounting Specifications 2.1 Environmental Requirements To ensure continuous operation and preserve hardware longevity, the installation location must comply with the environmental operating parameters listed below. Environmental Parameter Specification Requirement Operating Temperature -10°C to 55°C (14°F to 131°F) Storage Temperature -20°C to 70°C (-4°F to 158°F) Relative Humidity 5% to 90% Non-Condensing","7.​ Maximum Line Flow Rate 180.0 L/min Pump Drive Overload Trip 8.​ Ambient Operating Temp -10°C to 40°C System Thermal Lockout 9.​ Maximum Supply Voltage 30.0 VDC Power Board Overvoltage Shutdown 10.​=================================================================== ============ 2.2 Prohibited Actions ●​ NEVER attempt to modify electrical wiring without disabling incoming DC breaker. ●​ NEVER operate the controller in environments where ambient temperature exceeds 40°C. ●​ NEVER clear fault logs while the process skid is active in AUTO mode. 3. Emergency Shutdown Procedure (E-STOP) In the event of fluid leaks, abnormal noise, smoke, or uncontrolled parameter runaway:"
45,H.pdf,1,a38693a6-7010-43f9-93cb-57ac82ab6ae0,F.pdf,1,d58b93a3-02fc-4970-b004-0134b0641aba,0.049912,0.205386,0.500000,0.500000,0.267914,0,10.5 bar,2.5 bar,PRESSURE,PERCENT|PRESSURE,"jumpered. 2. Operational Safety Limits & Prohibited Conditions 2.1 Critical Safety Thresholds To prevent catastrophic mechanical failure or fluid line rupture, the unit MUST NOT be operated outside the strict safety limits defined below. 1.​ =================================================================== ============ 2.​ CRITICAL SAFETY OPERATING BOUNDARIES 3.​ =================================================================== ============ 4.​ Parameter Absolute Safety Limit Action On Exceedance 5.​ ------------------------------------------------------------------------------- 6.​ Maximum System Pressure 10.5 bar Immediate Pressure Relief Valve trip",Continuous (24/7) 100% Load — 2. Normal Operating Procedures 2.1 System Startup 1.​ Ensure the main electrical disconnect switch is placed in the ON position. 2.​ Verify system boot completion via the HMI display reading: STATUS: READY. 3.​ Press the blue RUN button on the control panel door or issue the CMD_START command viaModbus/TCP. 4.​ Verify system pressure stabilizes between 2.5 bar and 4.0 bar within 30 seconds of pump engagement.
46,I.pdf,1,92a7f8ae-2570-41a5-ade1-fcc4fc89dafd,F.pdf,1,26814e5b-dadd-430e-8308-ff247ffb400b,0.031707,0.376645,0.142857,0.500000,0.267327,0,55°C,50 °C,DATE|TEMPERATURE,FLOW_RATE|MODEL_NUMBER|PERCENT|PRESSURE|TEMPERATURE|VOLTAGE,blockages; verify valve V-102 opening speed Communication Failure / Dropped Frames Network packet dropping or timeout settings too aggressive Ping controller IP; check diagnostic register 40033 Ensure client retry timeout is set to at least 3000 ms with 3 retry attempts Unexpected Thermal Shutdown High internal or cabinet ambient temperature Check internal temperature sensor reading vs external ambient Ensure ambient temperature does not exceed maximum installation threshold of 55°C,"XR-500 Industrial Controller Operations & Maintenance Manual Document ID: DOC-XR500-OMM-v3.0 Target Model: XR-500 Series Control Systems 1. System Operational Limits & Parameters 1.1 Operating Envelope The XR-500 system maintains automatic supervisory oversight of process variables. Operating outside defined envelope parameters triggers automatic warnings, throttling, or emergency trips. Parameter Normal Range Maximum Limit Units Process Fluid Pressure 1.0 – 6.5 8.0 bar Volumetric Flow Rate 10 – 120 150 L/min Operating Temperature -10 to 45 50 °C Input Supply Voltage 20.0 – 28.0 32.0 VDC System Duty Cycle Continuous (24/7) 100% Load — 2. Normal Operating Procedures 2.1 System Startup"
47,E.pdf,1,4283c023-732b-4278-afab-ed39f4de33e2,G.pdf,2,c7a714d5-13f8-41d3-a3a8-d40a3a1bbdc1,0.028931,0.325393,0.250000,0.500000,0.265242,1,-10°C to 55°C,20.0 – 75.0 °C,PERCENT|TEMPERATURE,DATE|MODEL_NUMBER|TEMPERATURE,"tagged out (LOTO) prior to terminal connection. ●​ Grounding: Ensure protective earth (PE) grounding is established with a maximum impedance of < 0.5 Ω. 2. Environmental & Mounting Specifications 2.1 Environmental Requirements To ensure continuous operation and preserve hardware longevity, the installation location must comply with the environmental operating parameters listed below. Environmental Parameter Specification Requirement Operating Temperature -10°C to 55°C (14°F to 131°F) Storage Temperature -20°C to 70°C (-4°F to 158°F) Relative Humidity 5% to 90% Non-Condensing","40012 FLOW_TARGET FLOAT3 2 80.0 0.0 – 180.0 L/mi n Operational target flow rate 40020 TEMP_TRIP_SET FLOAT3 2 60.0 20.0 – 75.0 °C Upper temperature emergency shutdown threshold 40033 COM_TIMEOUT UINT16 5000 1000 – 30000 ms API communicatio n keep-alive timeout 3. REST API Interface Examples 3.1 Get System Status ●​ Request Endpoint: GET /api/v2/system/status ●​ Headers: Authorization: Bearer <token> ●​ Sample JSON Response: JSON 1.​ { 2.​ ""device_id"": ""XR500-88492"", 3.​ ""firmware_version"": ""v2.4.1"", 4.​ ""system_state"": ""RUNNING"", 5.​ ""telemetry"": { 6.​ ""operating_pressure_bar"": 4.2, 7.​ ""flow_rate_lpm"": 85.0, 8.​ ""internal_temp_c"": 38.5, 9.​ ""supply_voltage_vdc"": 24.1 10.​ }, 11.​ ""status_code"": 200 12.​}"
48,E.pdf,3,9a914e1d-6b14-4390-8b34-12d11b581ae2,F.pdf,2,493d41e5-bce7-4119-932f-6d740cc2cd63,0.027667,0.265693,0.500000,0.375000,0.258396,1,24 VDC,24 VDC,VOLTAGE,MODEL_NUMBER|VOLTAGE,4.2 Initial Power-Up Sequence 1.​ Apply 24 VDC power to TB-A. 2.​ Observe the front panel diagnostic LEDs: ○​ POWER LED: Solid Green within 3 seconds. ○​ STATUS LED: Blinking Amber during system bootloader execution (approx. 20 seconds). ○​ SYSTEM READY LED: Solid Green upon boot completion. 3.​ Connect an Ethernet cable from the configuration workstation to Port 1 (ETH1). 4.​ Default Factory IP Address: 192.168.1.100 (Subnet Mask: 255.255.255.0). 5.​ Open a browser and navigate to [http://192.168.1.100](http://192.168.1.100) to launch the Initial Setup Wizard.,"3.2 Air Filter Replacement 1.​ Disconnect incoming 24 VDC power supply. 2.​ Remove the front enclosure filter cover by unscrewing the four corner thumb screws. 3.​ Remove the saturated filter element (Part No. FLT-XR500-A). 4.​ Insert the new filter element, ensuring airflow direction arrows point inward toward the heatsink assembly. 5.​ Re-secure cover thumb screws hand-tight. 10.​"
49,H.pdf,2,77fb0e52-48b0-4c2a-9aa2-5f9f05af5a77,F.pdf,2,b733a4e5-dbeb-49c1-b5a9-3399a59e936e,0.177670,0.425494,0.333333,0.000000,0.256259,0,,,DATE|PRESSURE,DATE|TEMPERATURE,"In the event of fluid leaks, abnormal noise, smoke, or uncontrolled parameter runaway: 1.​ Press the nearest Physical Emergency Stop (E-Stop) Button located on the front cabinet door or remote panel station. 2.​ The controller automatically drops the main isolation contactor within < 50 ms, removing power from all connected actuator solenoids and motor drives. 3.​ Close manual fluid isolation valves V-101 (Inlet) and V-102 (Outlet). 4.​ Verify system pressure gauge indicates 0.0 bar before approaching the fluid manifold assembly. 5.​ Notify the Area Safety Supervisor and file an Incident Log Report. 4. Routine Safety Inspection Procedure Perform weekly safety checks according to the following checklist:","2.2 Normal Shutdown Procedure 1.​ Disengage automatic sequence control on the supervisory workstation. 2.​ Issue the CMD_STOP command or hold the front panel STOP button for 3 seconds. 3.​ Allow the recirculation pump to run in flush mode for 120 seconds to cool internal drive elements. 4.​ Once fluid temperature drops below 35°C, close main inlet valves V-101 and V-102. 3. Preventive Maintenance Schedules 3.1 Periodic Maintenance Table To maintain operational integrity and system compliance, perform scheduled maintenance tasks strictly according to the intervals listed below. 1.​ +------------------+-----------------------------------------------+---------------+ 2.​ | Interval | Task Description | Responsible |"
50,H.pdf,1,9d2908ba-a3cf-4853-a950-d7c4fc077a6e,F.pdf,1,26814e5b-dadd-430e-8308-ff247ffb400b,0.140796,0.545659,0.125000,0.000000,0.255860,0,,,DATE|MODEL_NUMBER|QUANTITY,FLOW_RATE|MODEL_NUMBER|PERCENT|PRESSURE|TEMPERATURE|VOLTAGE,"XR-500 Industrial Controller Safety & Standard Operating Procedure (SOP) Document ID: SOP-XR500-SAF-002 Effective Date: January 15, 2026 Revision: Rev 4 1. Safety Requirements & Compliance 1.1 Personal Protective Equipment (PPE) All operators and maintenance technicians working within 2 meters of the XR-500 controlled process skid must wear the following mandatory safety gear: ●​ Safety Glasses with side shields (ANSI Z87.1 approved) ●​ Steel-toe work boots (ASTM F2413) ●​ Heat-resistant and chemical-resistant gloves (EN 374 compliant) 1.2 Interlock & Safety Systems The XR-500 is equipped with redundant dual-channel safety circuits. Under no circumstances should safety interlocks, enclosure door microswitches, or pressure relief valves be bypassed or jumpered.","XR-500 Industrial Controller Operations & Maintenance Manual Document ID: DOC-XR500-OMM-v3.0 Target Model: XR-500 Series Control Systems 1. System Operational Limits & Parameters 1.1 Operating Envelope The XR-500 system maintains automatic supervisory oversight of process variables. Operating outside defined envelope parameters triggers automatic warnings, throttling, or emergency trips. Parameter Normal Range Maximum Limit Units Process Fluid Pressure 1.0 – 6.5 8.0 bar Volumetric Flow Rate 10 – 120 150 L/min Operating Temperature -10 to 45 50 °C Input Supply Voltage 20.0 – 28.0 32.0 VDC System Duty Cycle Continuous (24/7) 100% Load — 2. Normal Operating Procedures 2.1 System Startup"
51,H.pdf,2,72d9c05a-a594-4f5a-a052-4ebd0455683d,F.pdf,1,26814e5b-dadd-430e-8308-ff247ffb400b,0.046736,0.320646,0.142857,0.500000,0.251376,0,40°C,50 °C,DATE|TEMPERATURE,FLOW_RATE|MODEL_NUMBER|PERCENT|PRESSURE|TEMPERATURE|VOLTAGE,Perform weekly safety checks according to the following checklist: 1.​ Test Emergency Stop button responsiveness while operating in low-flow test mode. 2.​ Check enclosure door gaskets for signs of degradation or moisture intrusion. 3.​ Inspect ground bonding strap for tightness and freedom from corrosion. 4.​ Verify ambient enclosure temperature reading on HMI panel remains below 40°C during peak operation. 11.​,"XR-500 Industrial Controller Operations & Maintenance Manual Document ID: DOC-XR500-OMM-v3.0 Target Model: XR-500 Series Control Systems 1. System Operational Limits & Parameters 1.1 Operating Envelope The XR-500 system maintains automatic supervisory oversight of process variables. Operating outside defined envelope parameters triggers automatic warnings, throttling, or emergency trips. Parameter Normal Range Maximum Limit Units Process Fluid Pressure 1.0 – 6.5 8.0 bar Volumetric Flow Rate 10 – 120 150 L/min Operating Temperature -10 to 45 50 °C Input Supply Voltage 20.0 – 28.0 32.0 VDC System Duty Cycle Continuous (24/7) 100% Load — 2. Normal Operating Procedures 2.1 System Startup"
52,I.pdf,2,73fb8999-5eb8-4d44-b107-54cc7964bc12,F.pdf,2,b733a4e5-dbeb-49c1-b5a9-3399a59e936e,0.102915,0.391999,0.500000,0.000000,0.249936,0,,,DATE,DATE|TEMPERATURE,"Erratic Flow Measurements Air trapped in flow transducer or corrupted calibration Verify actual volumetric flow rate with external reference meter Perform zero-point calibration sequence; clean internal sensor body 2. Service & Maintenance Limits 2.1 Major Maintenance Intervals & Service Limits Component wear items must be replaced based on run-hours or calendar time—whichever occurs first—to avoid unexpected system downtime. ●​ Air Filter Replacement: Every 6 Months or 2,000 Operating Hours ●​ System Backup Battery Replacement: Every 36 Months or upon low-voltage alarm (ERR_301) ●​ Complete System Preventive Maintenance (PM) Cycle: Every 6 Months ●​ Full Valve & Seal Replacement Overhaul: Every 24 Months or 10,000 Operating Hours","2.2 Normal Shutdown Procedure 1.​ Disengage automatic sequence control on the supervisory workstation. 2.​ Issue the CMD_STOP command or hold the front panel STOP button for 3 seconds. 3.​ Allow the recirculation pump to run in flush mode for 120 seconds to cool internal drive elements. 4.​ Once fluid temperature drops below 35°C, close main inlet valves V-101 and V-102. 3. Preventive Maintenance Schedules 3.1 Periodic Maintenance Table To maintain operational integrity and system compliance, perform scheduled maintenance tasks strictly according to the intervals listed below. 1.​ +------------------+-----------------------------------------------+---------------+ 2.​ | Interval | Task Description | Responsible |"
53,I.pdf,1,92a7f8ae-2570-41a5-ade1-fcc4fc89dafd,G.pdf,1,e42eff19-3994-404b-9c30-514883ebf634,0.162297,0.358856,0.000000,0.375000,0.249631,1,3000 ms,3000 ms,DATE|TEMPERATURE,MODEL_NUMBER,blockages; verify valve V-102 opening speed Communication Failure / Dropped Frames Network packet dropping or timeout settings too aggressive Ping controller IP; check diagnostic register 40033 Ensure client retry timeout is set to at least 3000 ms with 3 retry attempts Unexpected Thermal Shutdown High internal or cabinet ambient temperature Check internal temperature sensor reading vs external ambient Ensure ambient temperature does not exceed maximum installation threshold of 55°C,"XR-500 Industrial Controller Configuration & API Reference Document ID: DOC-XR500-API-v1.4 Protocol Version: REST API v2 / Modbus-TCP v1.1 1. Communication Settings & Interface Protocols 1.1 Network Configuration The XR-500 system provides dual Ethernet interfaces (ETH1, ETH2) supporting standard industrial communications including Modbus/TCP, EtherNet/IP, and a native RESTful JSON API. ●​ Default Interface (ETH1): Static IP 192.168.1.100 ●​ Default Port Settings: ○​ Web GUI / REST API: Port 80 / 443 ○​ Modbus/TCP: Port 502 ●​ Network Timeout Setting: ○​ Parameter NET_TIMEOUT_MS: Default 3000 ms (Allowed Range: 500 – 10000 ms) ○​ Network Retry Attempts (NET_RETRY_CNT): Default 3 (Allowed Range: 1 – 5) 2. System Configuration Parameters 2.1 Configurable Register Map"
54,G.pdf,1,e42eff19-3994-404b-9c30-514883ebf634,F.pdf,1,26814e5b-dadd-430e-8308-ff247ffb400b,0.129347,0.496179,0.166667,0.000000,0.241508,0,,,MODEL_NUMBER,FLOW_RATE|MODEL_NUMBER|PERCENT|PRESSURE|TEMPERATURE|VOLTAGE,"XR-500 Industrial Controller Configuration & API Reference Document ID: DOC-XR500-API-v1.4 Protocol Version: REST API v2 / Modbus-TCP v1.1 1. Communication Settings & Interface Protocols 1.1 Network Configuration The XR-500 system provides dual Ethernet interfaces (ETH1, ETH2) supporting standard industrial communications including Modbus/TCP, EtherNet/IP, and a native RESTful JSON API. ●​ Default Interface (ETH1): Static IP 192.168.1.100 ●​ Default Port Settings: ○​ Web GUI / REST API: Port 80 / 443 ○​ Modbus/TCP: Port 502 ●​ Network Timeout Setting: ○​ Parameter NET_TIMEOUT_MS: Default 3000 ms (Allowed Range: 500 – 10000 ms) ○​ Network Retry Attempts (NET_RETRY_CNT): Default 3 (Allowed Range: 1 – 5) 2. System Configuration Parameters 2.1 Configurable Register Map","XR-500 Industrial Controller Operations & Maintenance Manual Document ID: DOC-XR500-OMM-v3.0 Target Model: XR-500 Series Control Systems 1. System Operational Limits & Parameters 1.1 Operating Envelope The XR-500 system maintains automatic supervisory oversight of process variables. Operating outside defined envelope parameters triggers automatic warnings, throttling, or emergency trips. Parameter Normal Range Maximum Limit Units Process Fluid Pressure 1.0 – 6.5 8.0 bar Volumetric Flow Rate 10 – 120 150 L/min Operating Temperature -10 to 45 50 °C Input Supply Voltage 20.0 – 28.0 32.0 VDC System Duty Cycle Continuous (24/7) 100% Load — 2. Normal Operating Procedures 2.1 System Startup"
55,E.pdf,2,b7807dc3-07ae-4788-93a6-7f720c6aed18,F.pdf,1,26814e5b-dadd-430e-8308-ff247ffb400b,0.083528,0.265977,0.285714,0.375000,0.239854,1,24 VDC,32.0 VDC,DATE|TEMPERATURE|VOLTAGE,FLOW_RATE|MODEL_NUMBER|PERCENT|PRESSURE|TEMPERATURE|VOLTAGE,wide input ranges. ●​ Primary Power Input: 24 VDC Nominal (Acceptable Range: 18.0 VDC to 32.0 VDC) ●​ Maximum Power Consumption: 45 W Peak (32 W typical) ●​ Inrush Current: < 12 A for < 5 ms ●​ Circuit Breaker Requirement: 5 A slow-blow fuse or dedicated miniature circuit breaker (MCB) 3.2 Terminal Pinouts Connect all primary power wiring to Terminal Block A (TB-A) using 16 AWG stranded copper wire rated for 90°C. ●​ TB-A Pin 1: +24 VDC Line ●​ TB-A Pin 2: DC Return (GND) ●​ TB-A Pin 3: Protective Earth (PE Chassis Ground) 4. Initial Commissioning Procedure 4.1 Pre-Power Checks 1.​ Inspect all physical wire connections for correct polarity and mechanical firmness. 2.​ Confirm that analog and digital expansion module ribbon cables are fully seated.,"XR-500 Industrial Controller Operations & Maintenance Manual Document ID: DOC-XR500-OMM-v3.0 Target Model: XR-500 Series Control Systems 1. System Operational Limits & Parameters 1.1 Operating Envelope The XR-500 system maintains automatic supervisory oversight of process variables. Operating outside defined envelope parameters triggers automatic warnings, throttling, or emergency trips. Parameter Normal Range Maximum Limit Units Process Fluid Pressure 1.0 – 6.5 8.0 bar Volumetric Flow Rate 10 – 120 150 L/min Operating Temperature -10 to 45 50 °C Input Supply Voltage 20.0 – 28.0 32.0 VDC System Duty Cycle Continuous (24/7) 100% Load — 2. Normal Operating Procedures 2.1 System Startup"
56,H.pdf,2,77fb0e52-48b0-4c2a-9aa2-5f9f05af5a77,I.pdf,2,73fb8999-5eb8-4d44-b107-54cc7964bc12,0.011894,0.433440,0.500000,0.000000,0.239369,0,,,DATE|PRESSURE,DATE,"In the event of fluid leaks, abnormal noise, smoke, or uncontrolled parameter runaway: 1.​ Press the nearest Physical Emergency Stop (E-Stop) Button located on the front cabinet door or remote panel station. 2.​ The controller automatically drops the main isolation contactor within < 50 ms, removing power from all connected actuator solenoids and motor drives. 3.​ Close manual fluid isolation valves V-101 (Inlet) and V-102 (Outlet). 4.​ Verify system pressure gauge indicates 0.0 bar before approaching the fluid manifold assembly. 5.​ Notify the Area Safety Supervisor and file an Incident Log Report. 4. Routine Safety Inspection Procedure Perform weekly safety checks according to the following checklist:","Erratic Flow Measurements Air trapped in flow transducer or corrupted calibration Verify actual volumetric flow rate with external reference meter Perform zero-point calibration sequence; clean internal sensor body 2. Service & Maintenance Limits 2.1 Major Maintenance Intervals & Service Limits Component wear items must be replaced based on run-hours or calendar time—whichever occurs first—to avoid unexpected system downtime. ●​ Air Filter Replacement: Every 6 Months or 2,000 Operating Hours ●​ System Backup Battery Replacement: Every 36 Months or upon low-voltage alarm (ERR_301) ●​ Complete System Preventive Maintenance (PM) Cycle: Every 6 Months ●​ Full Valve & Seal Replacement Overhaul: Every 24 Months or 10,000 Operating Hours"
57,E.pdf,2,b7807dc3-07ae-4788-93a6-7f720c6aed18,H.pdf,2,72d9c05a-a594-4f5a-a052-4ebd0455683d,0.053010,0.326823,0.666667,0.000000,0.239166,0,,,DATE|TEMPERATURE|VOLTAGE,DATE|TEMPERATURE,wide input ranges. ●​ Primary Power Input: 24 VDC Nominal (Acceptable Range: 18.0 VDC to 32.0 VDC) ●​ Maximum Power Consumption: 45 W Peak (32 W typical) ●​ Inrush Current: < 12 A for < 5 ms ●​ Circuit Breaker Requirement: 5 A slow-blow fuse or dedicated miniature circuit breaker (MCB) 3.2 Terminal Pinouts Connect all primary power wiring to Terminal Block A (TB-A) using 16 AWG stranded copper wire rated for 90°C. ●​ TB-A Pin 1: +24 VDC Line ●​ TB-A Pin 2: DC Return (GND) ●​ TB-A Pin 3: Protective Earth (PE Chassis Ground) 4. Initial Commissioning Procedure 4.1 Pre-Power Checks 1.​ Inspect all physical wire connections for correct polarity and mechanical firmness. 2.​ Confirm that analog and digital expansion module ribbon cables are fully seated.,Perform weekly safety checks according to the following checklist: 1.​ Test Emergency Stop button responsiveness while operating in low-flow test mode. 2.​ Check enclosure door gaskets for signs of degradation or moisture intrusion. 3.​ Inspect ground bonding strap for tightness and freedom from corrosion. 4.​ Verify ambient enclosure temperature reading on HMI panel remains below 40°C during peak operation. 11.​
58,E.pdf,1,4283c023-732b-4278-afab-ed39f4de33e2,F.pdf,2,b733a4e5-dbeb-49c1-b5a9-3399a59e936e,0.032066,0.198058,0.333333,0.500000,0.233613,1,-10°C to 55°C,35°C,PERCENT|TEMPERATURE,DATE|TEMPERATURE,"tagged out (LOTO) prior to terminal connection. ●​ Grounding: Ensure protective earth (PE) grounding is established with a maximum impedance of < 0.5 Ω. 2. Environmental & Mounting Specifications 2.1 Environmental Requirements To ensure continuous operation and preserve hardware longevity, the installation location must comply with the environmental operating parameters listed below. Environmental Parameter Specification Requirement Operating Temperature -10°C to 55°C (14°F to 131°F) Storage Temperature -20°C to 70°C (-4°F to 158°F) Relative Humidity 5% to 90% Non-Condensing","2.2 Normal Shutdown Procedure 1.​ Disengage automatic sequence control on the supervisory workstation. 2.​ Issue the CMD_STOP command or hold the front panel STOP button for 3 seconds. 3.​ Allow the recirculation pump to run in flush mode for 120 seconds to cool internal drive elements. 4.​ Once fluid temperature drops below 35°C, close main inlet valves V-101 and V-102. 3. Preventive Maintenance Schedules 3.1 Periodic Maintenance Table To maintain operational integrity and system compliance, perform scheduled maintenance tasks strictly according to the intervals listed below. 1.​ +------------------+-----------------------------------------------+---------------+ 2.​ | Interval | Task Description | Responsible |"
59,E.pdf,3,9a914e1d-6b14-4390-8b34-12d11b581ae2,G.pdf,3,edbcec2a-9ca5-43d8-82e5-91dc80d361bb,0.017622,0.187748,1.000000,0.000000,0.232523,1,,,VOLTAGE,VOLTAGE,4.2 Initial Power-Up Sequence 1.​ Apply 24 VDC power to TB-A. 2.​ Observe the front panel diagnostic LEDs: ○​ POWER LED: Solid Green within 3 seconds. ○​ STATUS LED: Blinking Amber during system bootloader execution (approx. 20 seconds). ○​ SYSTEM READY LED: Solid Green upon boot completion. 3.​ Connect an Ethernet cable from the configuration workstation to Port 1 (ETH1). 4.​ Default Factory IP Address: 192.168.1.100 (Subnet Mask: 255.255.255.0). 5.​ Open a browser and navigate to [http://192.168.1.100](http://192.168.1.100) to launch the Initial Setup Wizard.,"●​ Payload: JSON 13.​{ 14.​ ""parameter"": ""FLOW_TARGET"", 15.​ ""value"": 110.0 16.​} ●​ Response: 200 OK on success, 400 Bad Request if value exceeds range. 4. Error Codes & Fault Diagnostics Error Code Hex Code Description Recommended Action ERR_101 0x0065 Supply Voltage Low (< 18.0 VDC) Check DC power supply output voltage. ERR_102 0x0066 Over-Pressure Limit Triggered Verify discharge line valves and reset register PRESS_MAX_LIMIT. ERR_204 0x00CC Comm Timeout Limit Exceeded Inspect cabling; confirm client matches COM_TIMEOUT setting. 17.​"
60,H.pdf,2,77fb0e52-48b0-4c2a-9aa2-5f9f05af5a77,I.pdf,1,92a7f8ae-2570-41a5-ade1-fcc4fc89dafd,0.049770,0.454067,0.333333,0.000000,0.230733,0,,,DATE|PRESSURE,DATE|TEMPERATURE,"In the event of fluid leaks, abnormal noise, smoke, or uncontrolled parameter runaway: 1.​ Press the nearest Physical Emergency Stop (E-Stop) Button located on the front cabinet door or remote panel station. 2.​ The controller automatically drops the main isolation contactor within < 50 ms, removing power from all connected actuator solenoids and motor drives. 3.​ Close manual fluid isolation valves V-101 (Inlet) and V-102 (Outlet). 4.​ Verify system pressure gauge indicates 0.0 bar before approaching the fluid manifold assembly. 5.​ Notify the Area Safety Supervisor and file an Incident Log Report. 4. Routine Safety Inspection Procedure Perform weekly safety checks according to the following checklist:",blockages; verify valve V-102 opening speed Communication Failure / Dropped Frames Network packet dropping or timeout settings too aggressive Ping controller IP; check diagnostic register 40033 Ensure client retry timeout is set to at least 3000 ms with 3 retry attempts Unexpected Thermal Shutdown High internal or cabinet ambient temperature Check internal temperature sensor reading vs external ambient Ensure ambient temperature does not exceed maximum installation threshold of 55°C
61,E.pdf,2,b7807dc3-07ae-4788-93a6-7f720c6aed18,I.pdf,1,92a7f8ae-2570-41a5-ade1-fcc4fc89dafd,0.014203,0.328433,0.666667,0.000000,0.228879,1,,,DATE|TEMPERATURE|VOLTAGE,DATE|TEMPERATURE,wide input ranges. ●​ Primary Power Input: 24 VDC Nominal (Acceptable Range: 18.0 VDC to 32.0 VDC) ●​ Maximum Power Consumption: 45 W Peak (32 W typical) ●​ Inrush Current: < 12 A for < 5 ms ●​ Circuit Breaker Requirement: 5 A slow-blow fuse or dedicated miniature circuit breaker (MCB) 3.2 Terminal Pinouts Connect all primary power wiring to Terminal Block A (TB-A) using 16 AWG stranded copper wire rated for 90°C. ●​ TB-A Pin 1: +24 VDC Line ●​ TB-A Pin 2: DC Return (GND) ●​ TB-A Pin 3: Protective Earth (PE Chassis Ground) 4. Initial Commissioning Procedure 4.1 Pre-Power Checks 1.​ Inspect all physical wire connections for correct polarity and mechanical firmness. 2.​ Confirm that analog and digital expansion module ribbon cables are fully seated.,blockages; verify valve V-102 opening speed Communication Failure / Dropped Frames Network packet dropping or timeout settings too aggressive Ping controller IP; check diagnostic register 40033 Ensure client retry timeout is set to at least 3000 ms with 3 retry attempts Unexpected Thermal Shutdown High internal or cabinet ambient temperature Check internal temperature sensor reading vs external ambient Ensure ambient temperature does not exceed maximum installation threshold of 55°C
62,E.pdf,2,355ae0c7-e9ed-433e-8e27-a8bd7140064d,G.pdf,1,e42eff19-3994-404b-9c30-514883ebf634,0.045968,0.365662,0.500000,0.000000,0.224509,1,,,MODEL_NUMBER|QUANTITY,MODEL_NUMBER,"Enclosure Rating NEMA 4X / IP66 Maximum Vibration 2.5 g RMS (10 Hz – 500 Hz) Maximum Altitude 2,000 meters (6,560 feet) above sea level 2.2 Mechanical Installation 1.​ Secure the mounting bracket to a flat, vertical structural surface using four (4) M6 hex bolts torque-rated to 8.5 N·m. 2.​ Align the mounting tabs on the rear enclosure of the XR-500 with the bracket slots. 3.​ Slide the unit down until the latch mechanism engages with a distinct click. 4.​ Verify clear space around the unit housing: minimum 100 mm top/bottom and 50 mm left/right for thermal dissipation. 3. Electrical & Power Wiring 3.1 Power Supply Specifications The XR-500 contains an auto-sensing internal power supply module designed to accommodate wide input ranges.","XR-500 Industrial Controller Configuration & API Reference Document ID: DOC-XR500-API-v1.4 Protocol Version: REST API v2 / Modbus-TCP v1.1 1. Communication Settings & Interface Protocols 1.1 Network Configuration The XR-500 system provides dual Ethernet interfaces (ETH1, ETH2) supporting standard industrial communications including Modbus/TCP, EtherNet/IP, and a native RESTful JSON API. ●​ Default Interface (ETH1): Static IP 192.168.1.100 ●​ Default Port Settings: ○​ Web GUI / REST API: Port 80 / 443 ○​ Modbus/TCP: Port 502 ●​ Network Timeout Setting: ○​ Parameter NET_TIMEOUT_MS: Default 3000 ms (Allowed Range: 500 – 10000 ms) ○​ Network Retry Attempts (NET_RETRY_CNT): Default 3 (Allowed Range: 1 – 5) 2. System Configuration Parameters 2.1 Configurable Register Map"
63,H.pdf,2,72d9c05a-a594-4f5a-a052-4ebd0455683d,I.pdf,2,73fb8999-5eb8-4d44-b107-54cc7964bc12,0.059137,0.348261,0.500000,0.000000,0.221932,0,,,DATE|TEMPERATURE,DATE,Perform weekly safety checks according to the following checklist: 1.​ Test Emergency Stop button responsiveness while operating in low-flow test mode. 2.​ Check enclosure door gaskets for signs of degradation or moisture intrusion. 3.​ Inspect ground bonding strap for tightness and freedom from corrosion. 4.​ Verify ambient enclosure temperature reading on HMI panel remains below 40°C during peak operation. 11.​,"Erratic Flow Measurements Air trapped in flow transducer or corrupted calibration Verify actual volumetric flow rate with external reference meter Perform zero-point calibration sequence; clean internal sensor body 2. Service & Maintenance Limits 2.1 Major Maintenance Intervals & Service Limits Component wear items must be replaced based on run-hours or calendar time—whichever occurs first—to avoid unexpected system downtime. ●​ Air Filter Replacement: Every 6 Months or 2,000 Operating Hours ●​ System Backup Battery Replacement: Every 36 Months or upon low-voltage alarm (ERR_301) ●​ Complete System Preventive Maintenance (PM) Cycle: Every 6 Months ●​ Full Valve & Seal Replacement Overhaul: Every 24 Months or 10,000 Operating Hours"
64,H.pdf,1,9d2908ba-a3cf-4853-a950-d7c4fc077a6e,G.pdf,1,e42eff19-3994-404b-9c30-514883ebf634,0.095005,0.391907,0.333333,0.000000,0.221021,0,,,DATE|MODEL_NUMBER|QUANTITY,MODEL_NUMBER,"XR-500 Industrial Controller Safety & Standard Operating Procedure (SOP) Document ID: SOP-XR500-SAF-002 Effective Date: January 15, 2026 Revision: Rev 4 1. Safety Requirements & Compliance 1.1 Personal Protective Equipment (PPE) All operators and maintenance technicians working within 2 meters of the XR-500 controlled process skid must wear the following mandatory safety gear: ●​ Safety Glasses with side shields (ANSI Z87.1 approved) ●​ Steel-toe work boots (ASTM F2413) ●​ Heat-resistant and chemical-resistant gloves (EN 374 compliant) 1.2 Interlock & Safety Systems The XR-500 is equipped with redundant dual-channel safety circuits. Under no circumstances should safety interlocks, enclosure door microswitches, or pressure relief valves be bypassed or jumpered.","XR-500 Industrial Controller Configuration & API Reference Document ID: DOC-XR500-API-v1.4 Protocol Version: REST API v2 / Modbus-TCP v1.1 1. Communication Settings & Interface Protocols 1.1 Network Configuration The XR-500 system provides dual Ethernet interfaces (ETH1, ETH2) supporting standard industrial communications including Modbus/TCP, EtherNet/IP, and a native RESTful JSON API. ●​ Default Interface (ETH1): Static IP 192.168.1.100 ●​ Default Port Settings: ○​ Web GUI / REST API: Port 80 / 443 ○​ Modbus/TCP: Port 502 ●​ Network Timeout Setting: ○​ Parameter NET_TIMEOUT_MS: Default 3000 ms (Allowed Range: 500 – 10000 ms) ○​ Network Retry Attempts (NET_RETRY_CNT): Default 3 (Allowed Range: 1 – 5) 2. System Configuration Parameters 2.1 Configurable Register Map"
65,G.pdf,3,edbcec2a-9ca5-43d8-82e5-91dc80d361bb,F.pdf,2,493d41e5-bce7-4119-932f-6d740cc2cd63,0.031968,0.152202,0.500000,0.375000,0.218744,0,18.0 VDC,24 VDC,VOLTAGE,MODEL_NUMBER|VOLTAGE,"●​ Payload: JSON 13.​{ 14.​ ""parameter"": ""FLOW_TARGET"", 15.​ ""value"": 110.0 16.​} ●​ Response: 200 OK on success, 400 Bad Request if value exceeds range. 4. Error Codes & Fault Diagnostics Error Code Hex Code Description Recommended Action ERR_101 0x0065 Supply Voltage Low (< 18.0 VDC) Check DC power supply output voltage. ERR_102 0x0066 Over-Pressure Limit Triggered Verify discharge line valves and reset register PRESS_MAX_LIMIT. ERR_204 0x00CC Comm Timeout Limit Exceeded Inspect cabling; confirm client matches COM_TIMEOUT setting. 17.​","3.2 Air Filter Replacement 1.​ Disconnect incoming 24 VDC power supply. 2.​ Remove the front enclosure filter cover by unscrewing the four corner thumb screws. 3.​ Remove the saturated filter element (Part No. FLT-XR500-A). 4.​ Insert the new filter element, ensuring airflow direction arrows point inward toward the heatsink assembly. 5.​ Re-secure cover thumb screws hand-tight. 10.​"
66,I.pdf,1,92a7f8ae-2570-41a5-ade1-fcc4fc89dafd,G.pdf,1,56ef5443-1bc1-40c6-83bf-b7d3270d7686,0.063516,0.406910,0.333333,0.000000,0.217606,0,,,DATE|TEMPERATURE,DATE|PRESSURE,blockages; verify valve V-102 opening speed Communication Failure / Dropped Frames Network packet dropping or timeout settings too aggressive Ping controller IP; check diagnostic register 40033 Ensure client retry timeout is set to at least 3000 ms with 3 retry attempts Unexpected Thermal Shutdown High internal or cabinet ambient temperature Check internal temperature sensor reading vs external ambient Ensure ambient temperature does not exceed maximum installation threshold of 55°C,"2. System Configuration Parameters 2.1 Configurable Register Map The following table outlines key internal configuration parameters accessible via Modbus holding registers or REST API endpoints. Registe r Parameter Name Data Type Defaul t Value Allowe d Range Unit Description 40001 SYS_MODE UINT16 1 0 – 3 — 0=Standby, 1=Auto, 2=Manual, 3=Cal 40005 PRESS_MAX_LIM IT FLOAT3 2 8.0 1.0 – 12.0 bar High pressure trip threshold"
67,E.pdf,2,355ae0c7-e9ed-433e-8e27-a8bd7140064d,I.pdf,1,c89e2dfd-f1ac-4742-b282-2ec9c7b87886,0.042236,0.413599,0.333333,0.000000,0.214055,0,,,MODEL_NUMBER|QUANTITY,MODEL_NUMBER|PRESSURE,"Enclosure Rating NEMA 4X / IP66 Maximum Vibration 2.5 g RMS (10 Hz – 500 Hz) Maximum Altitude 2,000 meters (6,560 feet) above sea level 2.2 Mechanical Installation 1.​ Secure the mounting bracket to a flat, vertical structural surface using four (4) M6 hex bolts torque-rated to 8.5 N·m. 2.​ Align the mounting tabs on the rear enclosure of the XR-500 with the bracket slots. 3.​ Slide the unit down until the latch mechanism engages with a distinct click. 4.​ Verify clear space around the unit housing: minimum 100 mm top/bottom and 50 mm left/right for thermal dissipation. 3. Electrical & Power Wiring 3.1 Power Supply Specifications The XR-500 contains an auto-sensing internal power supply module designed to accommodate wide input ranges.","XR-500 Industrial Controller Troubleshooting & Service Guide Document ID: DOC-XR500-TSG-v1.2 Target Audience: Field Service Engineers & Maintenance Personnel 1. Fault Isolation & Diagnostic Flow 1.1 General Fault Resolution Matrix When an anomaly occurs, the XR-500 onboard controller logs diagnostic codes to the system event log. Refer to the matrix below for common fault symptoms, root causes, and corrective field procedures. Symptom Probable Cause Diagnostic Step Corrective Action System halts abruptly with ERR_102 Line pressure exceeded upper safety trip point Check historical trend graphs for pressure spikes above 8.0 bar Inspect downstream control valves for blockages; verify valve V-102 opening speed Communication Failure / Dropped Frames"
68,I.pdf,1,92a7f8ae-2570-41a5-ade1-fcc4fc89dafd,G.pdf,3,edbcec2a-9ca5-43d8-82e5-91dc80d361bb,0.068016,0.538421,0.000000,0.000000,0.212876,0,,,DATE|TEMPERATURE,VOLTAGE,blockages; verify valve V-102 opening speed Communication Failure / Dropped Frames Network packet dropping or timeout settings too aggressive Ping controller IP; check diagnostic register 40033 Ensure client retry timeout is set to at least 3000 ms with 3 retry attempts Unexpected Thermal Shutdown High internal or cabinet ambient temperature Check internal temperature sensor reading vs external ambient Ensure ambient temperature does not exceed maximum installation threshold of 55°C,"●​ Payload: JSON 13.​{ 14.​ ""parameter"": ""FLOW_TARGET"", 15.​ ""value"": 110.0 16.​} ●​ Response: 200 OK on success, 400 Bad Request if value exceeds range. 4. Error Codes & Fault Diagnostics Error Code Hex Code Description Recommended Action ERR_101 0x0065 Supply Voltage Low (< 18.0 VDC) Check DC power supply output voltage. ERR_102 0x0066 Over-Pressure Limit Triggered Verify discharge line valves and reset register PRESS_MAX_LIMIT. ERR_204 0x00CC Comm Timeout Limit Exceeded Inspect cabling; confirm client matches COM_TIMEOUT setting. 17.​"
69,I.pdf,2,6a026bc6-ef58-41a7-a723-d51f2969ad1b,F.pdf,1,d58b93a3-02fc-4970-b004-0134b0641aba,0.109919,0.279565,0.500000,0.000000,0.211421,0,,,PERCENT,PERCENT|PRESSURE,"3.​ Open terminal console and issue ping test: ping 192.168.1.100 -n 10. 4.​ If packet loss exceeds 0%, inspect cable terminations and verify NET_TIMEOUT_MS register is set to standard default of 3000 ms. 5.​ If communication remains unresponsive, press and hold the internal REBOOT pinhole button for 5 seconds to restore factory network parameters. 1.​",Continuous (24/7) 100% Load — 2. Normal Operating Procedures 2.1 System Startup 1.​ Ensure the main electrical disconnect switch is placed in the ON position. 2.​ Verify system boot completion via the HMI display reading: STATUS: READY. 3.​ Press the blue RUN button on the control panel door or issue the CMD_START command viaModbus/TCP. 4.​ Verify system pressure stabilizes between 2.5 bar and 4.0 bar within 30 seconds of pump engagement.
70,I.pdf,1,92a7f8ae-2570-41a5-ade1-fcc4fc89dafd,F.pdf,2,cb5e5c0c-c015-4dca-8e80-14a38fcde0e2,0.074079,0.417555,0.250000,0.000000,0.211062,0,,,DATE|TEMPERATURE,DATE|MODEL_NUMBER|QUANTITY,blockages; verify valve V-102 opening speed Communication Failure / Dropped Frames Network packet dropping or timeout settings too aggressive Ping controller IP; check diagnostic register 40033 Ensure client retry timeout is set to at least 3000 ms with 3 retry attempts Unexpected Thermal Shutdown High internal or cabinet ambient temperature Check internal temperature sensor reading vs external ambient Ensure ambient temperature does not exceed maximum installation threshold of 55°C,"2.​ | Interval | Task Description | Responsible | 3.​ +------------------+-----------------------------------------------+---------------+ 4.​ | Daily | Visual inspection of status LEDs and display | Operator | 5.​ | Monthly | Check pressure sensor calibration zero-points | Maintenance | 6.​ | Every 6 Months | Clean/replace internal panel air filter | Maintenance | 7.​ | Every 1,000 Hrs | Replace internal system battery (CR2032) | Lead Tech | 8.​ | Every 12 Months | Full physical seal and valve diaphragm overhaul | Certified Tech| 9.​ +------------------+-----------------------------------------------+---------------+ 3.2 Air Filter Replacement"
71,E.pdf,2,b7807dc3-07ae-4788-93a6-7f720c6aed18,F.pdf,2,493d41e5-bce7-4119-932f-6d740cc2cd63,0.039091,0.236376,0.250000,0.375000,0.211041,0,24 VDC,24 VDC,DATE|TEMPERATURE|VOLTAGE,MODEL_NUMBER|VOLTAGE,wide input ranges. ●​ Primary Power Input: 24 VDC Nominal (Acceptable Range: 18.0 VDC to 32.0 VDC) ●​ Maximum Power Consumption: 45 W Peak (32 W typical) ●​ Inrush Current: < 12 A for < 5 ms ●​ Circuit Breaker Requirement: 5 A slow-blow fuse or dedicated miniature circuit breaker (MCB) 3.2 Terminal Pinouts Connect all primary power wiring to Terminal Block A (TB-A) using 16 AWG stranded copper wire rated for 90°C. ●​ TB-A Pin 1: +24 VDC Line ●​ TB-A Pin 2: DC Return (GND) ●​ TB-A Pin 3: Protective Earth (PE Chassis Ground) 4. Initial Commissioning Procedure 4.1 Pre-Power Checks 1.​ Inspect all physical wire connections for correct polarity and mechanical firmness. 2.​ Confirm that analog and digital expansion module ribbon cables are fully seated.,"3.2 Air Filter Replacement 1.​ Disconnect incoming 24 VDC power supply. 2.​ Remove the front enclosure filter cover by unscrewing the four corner thumb screws. 3.​ Remove the saturated filter element (Part No. FLT-XR500-A). 4.​ Insert the new filter element, ensuring airflow direction arrows point inward toward the heatsink assembly. 5.​ Re-secure cover thumb screws hand-tight. 10.​"
72,G.pdf,2,c7a714d5-13f8-41d3-a3a8-d40a3a1bbdc1,F.pdf,2,cb5e5c0c-c015-4dca-8e80-14a38fcde0e2,0.030931,0.339927,0.500000,0.000000,0.211034,0,,,DATE|MODEL_NUMBER|TEMPERATURE,DATE|MODEL_NUMBER|QUANTITY,"40012 FLOW_TARGET FLOAT3 2 80.0 0.0 – 180.0 L/mi n Operational target flow rate 40020 TEMP_TRIP_SET FLOAT3 2 60.0 20.0 – 75.0 °C Upper temperature emergency shutdown threshold 40033 COM_TIMEOUT UINT16 5000 1000 – 30000 ms API communicatio n keep-alive timeout 3. REST API Interface Examples 3.1 Get System Status ●​ Request Endpoint: GET /api/v2/system/status ●​ Headers: Authorization: Bearer <token> ●​ Sample JSON Response: JSON 1.​ { 2.​ ""device_id"": ""XR500-88492"", 3.​ ""firmware_version"": ""v2.4.1"", 4.​ ""system_state"": ""RUNNING"", 5.​ ""telemetry"": { 6.​ ""operating_pressure_bar"": 4.2, 7.​ ""flow_rate_lpm"": 85.0, 8.​ ""internal_temp_c"": 38.5, 9.​ ""supply_voltage_vdc"": 24.1 10.​ }, 11.​ ""status_code"": 200 12.​}","2.​ | Interval | Task Description | Responsible | 3.​ +------------------+-----------------------------------------------+---------------+ 4.​ | Daily | Visual inspection of status LEDs and display | Operator | 5.​ | Monthly | Check pressure sensor calibration zero-points | Maintenance | 6.​ | Every 6 Months | Clean/replace internal panel air filter | Maintenance | 7.​ | Every 1,000 Hrs | Replace internal system battery (CR2032) | Lead Tech | 8.​ | Every 12 Months | Full physical seal and valve diaphragm overhaul | Certified Tech| 9.​ +------------------+-----------------------------------------------+---------------+ 3.2 Air Filter Replacement"
73,I.pdf,2,73fb8999-5eb8-4d44-b107-54cc7964bc12,G.pdf,2,c7a714d5-13f8-41d3-a3a8-d40a3a1bbdc1,0.030132,0.409239,0.333333,0.000000,0.209096,0,,,DATE,DATE|MODEL_NUMBER|TEMPERATURE,"Erratic Flow Measurements Air trapped in flow transducer or corrupted calibration Verify actual volumetric flow rate with external reference meter Perform zero-point calibration sequence; clean internal sensor body 2. Service & Maintenance Limits 2.1 Major Maintenance Intervals & Service Limits Component wear items must be replaced based on run-hours or calendar time—whichever occurs first—to avoid unexpected system downtime. ●​ Air Filter Replacement: Every 6 Months or 2,000 Operating Hours ●​ System Backup Battery Replacement: Every 36 Months or upon low-voltage alarm (ERR_301) ●​ Complete System Preventive Maintenance (PM) Cycle: Every 6 Months ●​ Full Valve & Seal Replacement Overhaul: Every 24 Months or 10,000 Operating Hours","40012 FLOW_TARGET FLOAT3 2 80.0 0.0 – 180.0 L/mi n Operational target flow rate 40020 TEMP_TRIP_SET FLOAT3 2 60.0 20.0 – 75.0 °C Upper temperature emergency shutdown threshold 40033 COM_TIMEOUT UINT16 5000 1000 – 30000 ms API communicatio n keep-alive timeout 3. REST API Interface Examples 3.1 Get System Status ●​ Request Endpoint: GET /api/v2/system/status ●​ Headers: Authorization: Bearer <token> ●​ Sample JSON Response: JSON 1.​ { 2.​ ""device_id"": ""XR500-88492"", 3.​ ""firmware_version"": ""v2.4.1"", 4.​ ""system_state"": ""RUNNING"", 5.​ ""telemetry"": { 6.​ ""operating_pressure_bar"": 4.2, 7.​ ""flow_rate_lpm"": 85.0, 8.​ ""internal_temp_c"": 38.5, 9.​ ""supply_voltage_vdc"": 24.1 10.​ }, 11.​ ""status_code"": 200 12.​}"
74,I.pdf,2,73fb8999-5eb8-4d44-b107-54cc7964bc12,G.pdf,1,56ef5443-1bc1-40c6-83bf-b7d3270d7686,0.007144,0.346217,0.500000,0.000000,0.206639,0,,,DATE,DATE|PRESSURE,"Erratic Flow Measurements Air trapped in flow transducer or corrupted calibration Verify actual volumetric flow rate with external reference meter Perform zero-point calibration sequence; clean internal sensor body 2. Service & Maintenance Limits 2.1 Major Maintenance Intervals & Service Limits Component wear items must be replaced based on run-hours or calendar time—whichever occurs first—to avoid unexpected system downtime. ●​ Air Filter Replacement: Every 6 Months or 2,000 Operating Hours ●​ System Backup Battery Replacement: Every 36 Months or upon low-voltage alarm (ERR_301) ●​ Complete System Preventive Maintenance (PM) Cycle: Every 6 Months ●​ Full Valve & Seal Replacement Overhaul: Every 24 Months or 10,000 Operating Hours","2. System Configuration Parameters 2.1 Configurable Register Map The following table outlines key internal configuration parameters accessible via Modbus holding registers or REST API endpoints. Registe r Parameter Name Data Type Defaul t Value Allowe d Range Unit Description 40001 SYS_MODE UINT16 1 0 – 3 — 0=Standby, 1=Auto, 2=Manual, 3=Cal 40005 PRESS_MAX_LIM IT FLOAT3 2 8.0 1.0 – 12.0 bar High pressure trip threshold"
75,I.pdf,1,c89e2dfd-f1ac-4742-b282-2ec9c7b87886,G.pdf,3,edbcec2a-9ca5-43d8-82e5-91dc80d361bb,0.109917,0.486132,0.000000,0.000000,0.205784,0,,,MODEL_NUMBER|PRESSURE,VOLTAGE,"XR-500 Industrial Controller Troubleshooting & Service Guide Document ID: DOC-XR500-TSG-v1.2 Target Audience: Field Service Engineers & Maintenance Personnel 1. Fault Isolation & Diagnostic Flow 1.1 General Fault Resolution Matrix When an anomaly occurs, the XR-500 onboard controller logs diagnostic codes to the system event log. Refer to the matrix below for common fault symptoms, root causes, and corrective field procedures. Symptom Probable Cause Diagnostic Step Corrective Action System halts abruptly with ERR_102 Line pressure exceeded upper safety trip point Check historical trend graphs for pressure spikes above 8.0 bar Inspect downstream control valves for blockages; verify valve V-102 opening speed Communication Failure / Dropped Frames","●​ Payload: JSON 13.​{ 14.​ ""parameter"": ""FLOW_TARGET"", 15.​ ""value"": 110.0 16.​} ●​ Response: 200 OK on success, 400 Bad Request if value exceeds range. 4. Error Codes & Fault Diagnostics Error Code Hex Code Description Recommended Action ERR_101 0x0065 Supply Voltage Low (< 18.0 VDC) Check DC power supply output voltage. ERR_102 0x0066 Over-Pressure Limit Triggered Verify discharge line valves and reset register PRESS_MAX_LIMIT. ERR_204 0x00CC Comm Timeout Limit Exceeded Inspect cabling; confirm client matches COM_TIMEOUT setting. 17.​"
76,E.pdf,2,355ae0c7-e9ed-433e-8e27-a8bd7140064d,F.pdf,2,cb5e5c0c-c015-4dca-8e80-14a38fcde0e2,0.021871,0.256091,0.666667,0.000000,0.204983,0,,,MODEL_NUMBER|QUANTITY,DATE|MODEL_NUMBER|QUANTITY,"Enclosure Rating NEMA 4X / IP66 Maximum Vibration 2.5 g RMS (10 Hz – 500 Hz) Maximum Altitude 2,000 meters (6,560 feet) above sea level 2.2 Mechanical Installation 1.​ Secure the mounting bracket to a flat, vertical structural surface using four (4) M6 hex bolts torque-rated to 8.5 N·m. 2.​ Align the mounting tabs on the rear enclosure of the XR-500 with the bracket slots. 3.​ Slide the unit down until the latch mechanism engages with a distinct click. 4.​ Verify clear space around the unit housing: minimum 100 mm top/bottom and 50 mm left/right for thermal dissipation. 3. Electrical & Power Wiring 3.1 Power Supply Specifications The XR-500 contains an auto-sensing internal power supply module designed to accommodate wide input ranges.","2.​ | Interval | Task Description | Responsible | 3.​ +------------------+-----------------------------------------------+---------------+ 4.​ | Daily | Visual inspection of status LEDs and display | Operator | 5.​ | Monthly | Check pressure sensor calibration zero-points | Maintenance | 6.​ | Every 6 Months | Clean/replace internal panel air filter | Maintenance | 7.​ | Every 1,000 Hrs | Replace internal system battery (CR2032) | Lead Tech | 8.​ | Every 12 Months | Full physical seal and valve diaphragm overhaul | Certified Tech| 9.​ +------------------+-----------------------------------------------+---------------+ 3.2 Air Filter Replacement"
77,E.pdf,2,355ae0c7-e9ed-433e-8e27-a8bd7140064d,F.pdf,1,26814e5b-dadd-430e-8308-ff247ffb400b,0.109247,0.415937,0.142857,0.000000,0.203184,0,,,MODEL_NUMBER|QUANTITY,FLOW_RATE|MODEL_NUMBER|PERCENT|PRESSURE|TEMPERATURE|VOLTAGE,"Enclosure Rating NEMA 4X / IP66 Maximum Vibration 2.5 g RMS (10 Hz – 500 Hz) Maximum Altitude 2,000 meters (6,560 feet) above sea level 2.2 Mechanical Installation 1.​ Secure the mounting bracket to a flat, vertical structural surface using four (4) M6 hex bolts torque-rated to 8.5 N·m. 2.​ Align the mounting tabs on the rear enclosure of the XR-500 with the bracket slots. 3.​ Slide the unit down until the latch mechanism engages with a distinct click. 4.​ Verify clear space around the unit housing: minimum 100 mm top/bottom and 50 mm left/right for thermal dissipation. 3. Electrical & Power Wiring 3.1 Power Supply Specifications The XR-500 contains an auto-sensing internal power supply module designed to accommodate wide input ranges.","XR-500 Industrial Controller Operations & Maintenance Manual Document ID: DOC-XR500-OMM-v3.0 Target Model: XR-500 Series Control Systems 1. System Operational Limits & Parameters 1.1 Operating Envelope The XR-500 system maintains automatic supervisory oversight of process variables. Operating outside defined envelope parameters triggers automatic warnings, throttling, or emergency trips. Parameter Normal Range Maximum Limit Units Process Fluid Pressure 1.0 – 6.5 8.0 bar Volumetric Flow Rate 10 – 120 150 L/min Operating Temperature -10 to 45 50 °C Input Supply Voltage 20.0 – 28.0 32.0 VDC System Duty Cycle Continuous (24/7) 100% Load — 2. Normal Operating Procedures 2.1 System Startup"
78,E.pdf,3,9a914e1d-6b14-4390-8b34-12d11b581ae2,H.pdf,2,c04bec4a-b16c-4e2d-893d-8cd2f8e3bed0,0.019855,0.185233,0.333333,0.375000,0.200577,0,24 VDC,30.0 VDC,VOLTAGE,FLOW_RATE|TEMPERATURE|VOLTAGE,4.2 Initial Power-Up Sequence 1.​ Apply 24 VDC power to TB-A. 2.​ Observe the front panel diagnostic LEDs: ○​ POWER LED: Solid Green within 3 seconds. ○​ STATUS LED: Blinking Amber during system bootloader execution (approx. 20 seconds). ○​ SYSTEM READY LED: Solid Green upon boot completion. 3.​ Connect an Ethernet cable from the configuration workstation to Port 1 (ETH1). 4.​ Default Factory IP Address: 192.168.1.100 (Subnet Mask: 255.255.255.0). 5.​ Open a browser and navigate to [http://192.168.1.100](http://192.168.1.100) to launch the Initial Setup Wizard.,"7.​ Maximum Line Flow Rate 180.0 L/min Pump Drive Overload Trip 8.​ Ambient Operating Temp -10°C to 40°C System Thermal Lockout 9.​ Maximum Supply Voltage 30.0 VDC Power Board Overvoltage Shutdown 10.​=================================================================== ============ 2.2 Prohibited Actions ●​ NEVER attempt to modify electrical wiring without disabling incoming DC breaker. ●​ NEVER operate the controller in environments where ambient temperature exceeds 40°C. ●​ NEVER clear fault logs while the process skid is active in AUTO mode. 3. Emergency Shutdown Procedure (E-STOP) In the event of fluid leaks, abnormal noise, smoke, or uncontrolled parameter runaway:"
79,E.pdf,1,f325c245-d303-4f0e-981f-72a11053f0e0,H.pdf,2,77fb0e52-48b0-4c2a-9aa2-5f9f05af5a77,0.113625,0.467833,0.000000,0.000000,0.200235,0,,,MODEL_NUMBER,DATE|PRESSURE,"XR-500 Industrial Controller Installation & Commissioning Guide Document ID: DOC-XR500-INS-v2.1 Target Model: XR-500-A1 / XR-500-B1 1. General Overview & Safety Precautions 1.1 Safety Overview The XR-500 Industrial Controller is a high-reliability control unit designed for heavy manufacturing, process control, and automated fluid management systems. Standard electrical and industrial safety procedures must be observed at all times during installation and commissioning. ●​ Qualified Personnel: Only certified control technicians or licensed electricians should perform electrical wiring and physical mounting. ●​ Isolation: Always verify main incoming power feeds are de-energized, locked out, and tagged out (LOTO) prior to terminal connection.","In the event of fluid leaks, abnormal noise, smoke, or uncontrolled parameter runaway: 1.​ Press the nearest Physical Emergency Stop (E-Stop) Button located on the front cabinet door or remote panel station. 2.​ The controller automatically drops the main isolation contactor within < 50 ms, removing power from all connected actuator solenoids and motor drives. 3.​ Close manual fluid isolation valves V-101 (Inlet) and V-102 (Outlet). 4.​ Verify system pressure gauge indicates 0.0 bar before approaching the fluid manifold assembly. 5.​ Notify the Area Safety Supervisor and file an Incident Log Report. 4. Routine Safety Inspection Procedure Perform weekly safety checks according to the following checklist:"
80,G.pdf,1,56ef5443-1bc1-40c6-83bf-b7d3270d7686,F.pdf,2,b733a4e5-dbeb-49c1-b5a9-3399a59e936e,0.042793,0.362869,0.333333,0.000000,0.195948,0,,,DATE|PRESSURE,DATE|TEMPERATURE,"2. System Configuration Parameters 2.1 Configurable Register Map The following table outlines key internal configuration parameters accessible via Modbus holding registers or REST API endpoints. Registe r Parameter Name Data Type Defaul t Value Allowe d Range Unit Description 40001 SYS_MODE UINT16 1 0 – 3 — 0=Standby, 1=Auto, 2=Manual, 3=Cal 40005 PRESS_MAX_LIM IT FLOAT3 2 8.0 1.0 – 12.0 bar High pressure trip threshold","2.2 Normal Shutdown Procedure 1.​ Disengage automatic sequence control on the supervisory workstation. 2.​ Issue the CMD_STOP command or hold the front panel STOP button for 3 seconds. 3.​ Allow the recirculation pump to run in flush mode for 120 seconds to cool internal drive elements. 4.​ Once fluid temperature drops below 35°C, close main inlet valves V-101 and V-102. 3. Preventive Maintenance Schedules 3.1 Periodic Maintenance Table To maintain operational integrity and system compliance, perform scheduled maintenance tasks strictly according to the intervals listed below. 1.​ +------------------+-----------------------------------------------+---------------+ 2.​ | Interval | Task Description | Responsible |"
81,E.pdf,1,f325c245-d303-4f0e-981f-72a11053f0e0,F.pdf,2,cb5e5c0c-c015-4dca-8e80-14a38fcde0e2,0.029057,0.368092,0.333333,0.000000,0.193982,0,,,MODEL_NUMBER,DATE|MODEL_NUMBER|QUANTITY,"XR-500 Industrial Controller Installation & Commissioning Guide Document ID: DOC-XR500-INS-v2.1 Target Model: XR-500-A1 / XR-500-B1 1. General Overview & Safety Precautions 1.1 Safety Overview The XR-500 Industrial Controller is a high-reliability control unit designed for heavy manufacturing, process control, and automated fluid management systems. Standard electrical and industrial safety procedures must be observed at all times during installation and commissioning. ●​ Qualified Personnel: Only certified control technicians or licensed electricians should perform electrical wiring and physical mounting. ●​ Isolation: Always verify main incoming power feeds are de-energized, locked out, and tagged out (LOTO) prior to terminal connection.","2.​ | Interval | Task Description | Responsible | 3.​ +------------------+-----------------------------------------------+---------------+ 4.​ | Daily | Visual inspection of status LEDs and display | Operator | 5.​ | Monthly | Check pressure sensor calibration zero-points | Maintenance | 6.​ | Every 6 Months | Clean/replace internal panel air filter | Maintenance | 7.​ | Every 1,000 Hrs | Replace internal system battery (CR2032) | Lead Tech | 8.​ | Every 12 Months | Full physical seal and valve diaphragm overhaul | Certified Tech| 9.​ +------------------+-----------------------------------------------+---------------+ 3.2 Air Filter Replacement"
82,G.pdf,1,56ef5443-1bc1-40c6-83bf-b7d3270d7686,F.pdf,2,cb5e5c0c-c015-4dca-8e80-14a38fcde0e2,0.052686,0.385904,0.250000,0.000000,0.193678,0,,,DATE|PRESSURE,DATE|MODEL_NUMBER|QUANTITY,"2. System Configuration Parameters 2.1 Configurable Register Map The following table outlines key internal configuration parameters accessible via Modbus holding registers or REST API endpoints. Registe r Parameter Name Data Type Defaul t Value Allowe d Range Unit Description 40001 SYS_MODE UINT16 1 0 – 3 — 0=Standby, 1=Auto, 2=Manual, 3=Cal 40005 PRESS_MAX_LIM IT FLOAT3 2 8.0 1.0 – 12.0 bar High pressure trip threshold","2.​ | Interval | Task Description | Responsible | 3.​ +------------------+-----------------------------------------------+---------------+ 4.​ | Daily | Visual inspection of status LEDs and display | Operator | 5.​ | Monthly | Check pressure sensor calibration zero-points | Maintenance | 6.​ | Every 6 Months | Clean/replace internal panel air filter | Maintenance | 7.​ | Every 1,000 Hrs | Replace internal system battery (CR2032) | Lead Tech | 8.​ | Every 12 Months | Full physical seal and valve diaphragm overhaul | Certified Tech| 9.​ +------------------+-----------------------------------------------+---------------+ 3.2 Air Filter Replacement"
83,E.pdf,2,a933003d-a35e-4634-9b7f-89af44bf33cb,I.pdf,1,92a7f8ae-2570-41a5-ade1-fcc4fc89dafd,0.061577,0.489387,0.000000,0.000000,0.193421,0,,,,DATE|TEMPERATURE,2.​ Confirm that analog and digital expansion module ribbon cables are fully seated. 3.​ Verify line pressure on connected fluid lines is reduced to ambient prior to initial power-up.,blockages; verify valve V-102 opening speed Communication Failure / Dropped Frames Network packet dropping or timeout settings too aggressive Ping controller IP; check diagnostic register 40033 Ensure client retry timeout is set to at least 3000 ms with 3 retry attempts Unexpected Thermal Shutdown High internal or cabinet ambient temperature Check internal temperature sensor reading vs external ambient Ensure ambient temperature does not exceed maximum installation threshold of 55°C
84,E.pdf,2,b7807dc3-07ae-4788-93a6-7f720c6aed18,F.pdf,2,b733a4e5-dbeb-49c1-b5a9-3399a59e936e,0.007108,0.229062,0.666667,0.000000,0.191119,0,,,DATE|TEMPERATURE|VOLTAGE,DATE|TEMPERATURE,wide input ranges. ●​ Primary Power Input: 24 VDC Nominal (Acceptable Range: 18.0 VDC to 32.0 VDC) ●​ Maximum Power Consumption: 45 W Peak (32 W typical) ●​ Inrush Current: < 12 A for < 5 ms ●​ Circuit Breaker Requirement: 5 A slow-blow fuse or dedicated miniature circuit breaker (MCB) 3.2 Terminal Pinouts Connect all primary power wiring to Terminal Block A (TB-A) using 16 AWG stranded copper wire rated for 90°C. ●​ TB-A Pin 1: +24 VDC Line ●​ TB-A Pin 2: DC Return (GND) ●​ TB-A Pin 3: Protective Earth (PE Chassis Ground) 4. Initial Commissioning Procedure 4.1 Pre-Power Checks 1.​ Inspect all physical wire connections for correct polarity and mechanical firmness. 2.​ Confirm that analog and digital expansion module ribbon cables are fully seated.,"2.2 Normal Shutdown Procedure 1.​ Disengage automatic sequence control on the supervisory workstation. 2.​ Issue the CMD_STOP command or hold the front panel STOP button for 3 seconds. 3.​ Allow the recirculation pump to run in flush mode for 120 seconds to cool internal drive elements. 4.​ Once fluid temperature drops below 35°C, close main inlet valves V-101 and V-102. 3. Preventive Maintenance Schedules 3.1 Periodic Maintenance Table To maintain operational integrity and system compliance, perform scheduled maintenance tasks strictly according to the intervals listed below. 1.​ +------------------+-----------------------------------------------+---------------+ 2.​ | Interval | Task Description | Responsible |"
85,H.pdf,2,c04bec4a-b16c-4e2d-893d-8cd2f8e3bed0,F.pdf,1,d58b93a3-02fc-4970-b004-0134b0641aba,0.061195,0.475500,0.000000,0.000000,0.188315,0,,,FLOW_RATE|TEMPERATURE|VOLTAGE,PERCENT|PRESSURE,"7.​ Maximum Line Flow Rate 180.0 L/min Pump Drive Overload Trip 8.​ Ambient Operating Temp -10°C to 40°C System Thermal Lockout 9.​ Maximum Supply Voltage 30.0 VDC Power Board Overvoltage Shutdown 10.​=================================================================== ============ 2.2 Prohibited Actions ●​ NEVER attempt to modify electrical wiring without disabling incoming DC breaker. ●​ NEVER operate the controller in environments where ambient temperature exceeds 40°C. ●​ NEVER clear fault logs while the process skid is active in AUTO mode. 3. Emergency Shutdown Procedure (E-STOP) In the event of fluid leaks, abnormal noise, smoke, or uncontrolled parameter runaway:",Continuous (24/7) 100% Load — 2. Normal Operating Procedures 2.1 System Startup 1.​ Ensure the main electrical disconnect switch is placed in the ON position. 2.​ Verify system boot completion via the HMI display reading: STATUS: READY. 3.​ Press the blue RUN button on the control panel door or issue the CMD_START command viaModbus/TCP. 4.​ Verify system pressure stabilizes between 2.5 bar and 4.0 bar within 30 seconds of pump engagement.
86,H.pdf,2,72d9c05a-a594-4f5a-a052-4ebd0455683d,F.pdf,1,d58b93a3-02fc-4970-b004-0134b0641aba,0.117068,0.425427,0.000000,0.000000,0.185933,0,,,DATE|TEMPERATURE,PERCENT|PRESSURE,Perform weekly safety checks according to the following checklist: 1.​ Test Emergency Stop button responsiveness while operating in low-flow test mode. 2.​ Check enclosure door gaskets for signs of degradation or moisture intrusion. 3.​ Inspect ground bonding strap for tightness and freedom from corrosion. 4.​ Verify ambient enclosure temperature reading on HMI panel remains below 40°C during peak operation. 11.​,Continuous (24/7) 100% Load — 2. Normal Operating Procedures 2.1 System Startup 1.​ Ensure the main electrical disconnect switch is placed in the ON position. 2.​ Verify system boot completion via the HMI display reading: STATUS: READY. 3.​ Press the blue RUN button on the control panel door or issue the CMD_START command viaModbus/TCP. 4.​ Verify system pressure stabilizes between 2.5 bar and 4.0 bar within 30 seconds of pump engagement.
87,E.pdf,2,b7807dc3-07ae-4788-93a6-7f720c6aed18,G.pdf,3,edbcec2a-9ca5-43d8-82e5-91dc80d361bb,0.085663,0.301587,0.333333,0.000000,0.185890,1,,,DATE|TEMPERATURE|VOLTAGE,VOLTAGE,wide input ranges. ●​ Primary Power Input: 24 VDC Nominal (Acceptable Range: 18.0 VDC to 32.0 VDC) ●​ Maximum Power Consumption: 45 W Peak (32 W typical) ●​ Inrush Current: < 12 A for < 5 ms ●​ Circuit Breaker Requirement: 5 A slow-blow fuse or dedicated miniature circuit breaker (MCB) 3.2 Terminal Pinouts Connect all primary power wiring to Terminal Block A (TB-A) using 16 AWG stranded copper wire rated for 90°C. ●​ TB-A Pin 1: +24 VDC Line ●​ TB-A Pin 2: DC Return (GND) ●​ TB-A Pin 3: Protective Earth (PE Chassis Ground) 4. Initial Commissioning Procedure 4.1 Pre-Power Checks 1.​ Inspect all physical wire connections for correct polarity and mechanical firmness. 2.​ Confirm that analog and digital expansion module ribbon cables are fully seated.,"●​ Payload: JSON 13.​{ 14.​ ""parameter"": ""FLOW_TARGET"", 15.​ ""value"": 110.0 16.​} ●​ Response: 200 OK on success, 400 Bad Request if value exceeds range. 4. Error Codes & Fault Diagnostics Error Code Hex Code Description Recommended Action ERR_101 0x0065 Supply Voltage Low (< 18.0 VDC) Check DC power supply output voltage. ERR_102 0x0066 Over-Pressure Limit Triggered Verify discharge line valves and reset register PRESS_MAX_LIMIT. ERR_204 0x00CC Comm Timeout Limit Exceeded Inspect cabling; confirm client matches COM_TIMEOUT setting. 17.​"
88,E.pdf,3,9a914e1d-6b14-4390-8b34-12d11b581ae2,I.pdf,2,6a026bc6-ef58-41a7-a723-d51f2969ad1b,0.178150,0.368398,0.000000,0.000000,0.182505,0,,,VOLTAGE,PERCENT,4.2 Initial Power-Up Sequence 1.​ Apply 24 VDC power to TB-A. 2.​ Observe the front panel diagnostic LEDs: ○​ POWER LED: Solid Green within 3 seconds. ○​ STATUS LED: Blinking Amber during system bootloader execution (approx. 20 seconds). ○​ SYSTEM READY LED: Solid Green upon boot completion. 3.​ Connect an Ethernet cable from the configuration workstation to Port 1 (ETH1). 4.​ Default Factory IP Address: 192.168.1.100 (Subnet Mask: 255.255.255.0). 5.​ Open a browser and navigate to [http://192.168.1.100](http://192.168.1.100) to launch the Initial Setup Wizard.,"3.​ Open terminal console and issue ping test: ping 192.168.1.100 -n 10. 4.​ If packet loss exceeds 0%, inspect cable terminations and verify NET_TIMEOUT_MS register is set to standard default of 3000 ms. 5.​ If communication remains unresponsive, press and hold the internal REBOOT pinhole button for 5 seconds to restore factory network parameters. 1.​"
89,I.pdf,2,6a026bc6-ef58-41a7-a723-d51f2969ad1b,F.pdf,2,b733a4e5-dbeb-49c1-b5a9-3399a59e936e,0.091656,0.225870,0.000000,0.375000,0.181977,0,5 seconds,3 seconds,PERCENT,DATE|TEMPERATURE,"3.​ Open terminal console and issue ping test: ping 192.168.1.100 -n 10. 4.​ If packet loss exceeds 0%, inspect cable terminations and verify NET_TIMEOUT_MS register is set to standard default of 3000 ms. 5.​ If communication remains unresponsive, press and hold the internal REBOOT pinhole button for 5 seconds to restore factory network parameters. 1.​","2.2 Normal Shutdown Procedure 1.​ Disengage automatic sequence control on the supervisory workstation. 2.​ Issue the CMD_STOP command or hold the front panel STOP button for 3 seconds. 3.​ Allow the recirculation pump to run in flush mode for 120 seconds to cool internal drive elements. 4.​ Once fluid temperature drops below 35°C, close main inlet valves V-101 and V-102. 3. Preventive Maintenance Schedules 3.1 Periodic Maintenance Table To maintain operational integrity and system compliance, perform scheduled maintenance tasks strictly according to the intervals listed below. 1.​ +------------------+-----------------------------------------------+---------------+ 2.​ | Interval | Task Description | Responsible |"
90,I.pdf,1,c89e2dfd-f1ac-4742-b282-2ec9c7b87886,F.pdf,2,cb5e5c0c-c015-4dca-8e80-14a38fcde0e2,0.041388,0.361068,0.250000,0.000000,0.181573,0,,,MODEL_NUMBER|PRESSURE,DATE|MODEL_NUMBER|QUANTITY,"XR-500 Industrial Controller Troubleshooting & Service Guide Document ID: DOC-XR500-TSG-v1.2 Target Audience: Field Service Engineers & Maintenance Personnel 1. Fault Isolation & Diagnostic Flow 1.1 General Fault Resolution Matrix When an anomaly occurs, the XR-500 onboard controller logs diagnostic codes to the system event log. Refer to the matrix below for common fault symptoms, root causes, and corrective field procedures. Symptom Probable Cause Diagnostic Step Corrective Action System halts abruptly with ERR_102 Line pressure exceeded upper safety trip point Check historical trend graphs for pressure spikes above 8.0 bar Inspect downstream control valves for blockages; verify valve V-102 opening speed Communication Failure / Dropped Frames","2.​ | Interval | Task Description | Responsible | 3.​ +------------------+-----------------------------------------------+---------------+ 4.​ | Daily | Visual inspection of status LEDs and display | Operator | 5.​ | Monthly | Check pressure sensor calibration zero-points | Maintenance | 6.​ | Every 6 Months | Clean/replace internal panel air filter | Maintenance | 7.​ | Every 1,000 Hrs | Replace internal system battery (CR2032) | Lead Tech | 8.​ | Every 12 Months | Full physical seal and valve diaphragm overhaul | Certified Tech| 9.​ +------------------+-----------------------------------------------+---------------+ 3.2 Air Filter Replacement"
91,H.pdf,2,72d9c05a-a594-4f5a-a052-4ebd0455683d,F.pdf,2,cb5e5c0c-c015-4dca-8e80-14a38fcde0e2,0.025168,0.372165,0.250000,0.000000,0.181026,0,,,DATE|TEMPERATURE,DATE|MODEL_NUMBER|QUANTITY,Perform weekly safety checks according to the following checklist: 1.​ Test Emergency Stop button responsiveness while operating in low-flow test mode. 2.​ Check enclosure door gaskets for signs of degradation or moisture intrusion. 3.​ Inspect ground bonding strap for tightness and freedom from corrosion. 4.​ Verify ambient enclosure temperature reading on HMI panel remains below 40°C during peak operation. 11.​,"2.​ | Interval | Task Description | Responsible | 3.​ +------------------+-----------------------------------------------+---------------+ 4.​ | Daily | Visual inspection of status LEDs and display | Operator | 5.​ | Monthly | Check pressure sensor calibration zero-points | Maintenance | 6.​ | Every 6 Months | Clean/replace internal panel air filter | Maintenance | 7.​ | Every 1,000 Hrs | Replace internal system battery (CR2032) | Lead Tech | 8.​ | Every 12 Months | Full physical seal and valve diaphragm overhaul | Certified Tech| 9.​ +------------------+-----------------------------------------------+---------------+ 3.2 Air Filter Replacement"
92,E.pdf,1,f325c245-d303-4f0e-981f-72a11053f0e0,H.pdf,1,a38693a6-7010-43f9-93cb-57ac82ab6ae0,0.078051,0.440068,0.000000,0.000000,0.180279,0,,,MODEL_NUMBER,PRESSURE,"XR-500 Industrial Controller Installation & Commissioning Guide Document ID: DOC-XR500-INS-v2.1 Target Model: XR-500-A1 / XR-500-B1 1. General Overview & Safety Precautions 1.1 Safety Overview The XR-500 Industrial Controller is a high-reliability control unit designed for heavy manufacturing, process control, and automated fluid management systems. Standard electrical and industrial safety procedures must be observed at all times during installation and commissioning. ●​ Qualified Personnel: Only certified control technicians or licensed electricians should perform electrical wiring and physical mounting. ●​ Isolation: Always verify main incoming power feeds are de-energized, locked out, and tagged out (LOTO) prior to terminal connection.","jumpered. 2. Operational Safety Limits & Prohibited Conditions 2.1 Critical Safety Thresholds To prevent catastrophic mechanical failure or fluid line rupture, the unit MUST NOT be operated outside the strict safety limits defined below. 1.​ =================================================================== ============ 2.​ CRITICAL SAFETY OPERATING BOUNDARIES 3.​ =================================================================== ============ 4.​ Parameter Absolute Safety Limit Action On Exceedance 5.​ ------------------------------------------------------------------------------- 6.​ Maximum System Pressure 10.5 bar Immediate Pressure Relief Valve trip"
93,H.pdf,1,9d2908ba-a3cf-4853-a950-d7c4fc077a6e,G.pdf,1,56ef5443-1bc1-40c6-83bf-b7d3270d7686,0.016831,0.373720,0.250000,0.000000,0.179252,0,,,DATE|MODEL_NUMBER|QUANTITY,DATE|PRESSURE,"XR-500 Industrial Controller Safety & Standard Operating Procedure (SOP) Document ID: SOP-XR500-SAF-002 Effective Date: January 15, 2026 Revision: Rev 4 1. Safety Requirements & Compliance 1.1 Personal Protective Equipment (PPE) All operators and maintenance technicians working within 2 meters of the XR-500 controlled process skid must wear the following mandatory safety gear: ●​ Safety Glasses with side shields (ANSI Z87.1 approved) ●​ Steel-toe work boots (ASTM F2413) ●​ Heat-resistant and chemical-resistant gloves (EN 374 compliant) 1.2 Interlock & Safety Systems The XR-500 is equipped with redundant dual-channel safety circuits. Under no circumstances should safety interlocks, enclosure door microswitches, or pressure relief valves be bypassed or jumpered.","2. System Configuration Parameters 2.1 Configurable Register Map The following table outlines key internal configuration parameters accessible via Modbus holding registers or REST API endpoints. Registe r Parameter Name Data Type Defaul t Value Allowe d Range Unit Description 40001 SYS_MODE UINT16 1 0 – 3 — 0=Standby, 1=Auto, 2=Manual, 3=Cal 40005 PRESS_MAX_LIM IT FLOAT3 2 8.0 1.0 – 12.0 bar High pressure trip threshold"
94,I.pdf,2,49527977-1189-487c-9c96-3be3fa2ec9fa,G.pdf,3,edbcec2a-9ca5-43d8-82e5-91dc80d361bb,0.027065,0.328018,0.333333,0.000000,0.178998,0,,,DATE|QUANTITY|VOLTAGE,VOLTAGE,"●​ Full Valve & Seal Replacement Overhaul: Every 24 Months or 10,000 Operating Hours 2.2 Fuse & Electrical Component Replacement If primary power does not initiate, verify incoming lines before replacing internal components: 1.​ Isolate incoming DC power. 2.​ Open lower terminal housing panel. 3.​ Inspect main fuse F1 (5 A, 250 V, Fast-Acting Ceramic 5x20 mm). 4.​ Replace only with identical rated fuse (Part No. FUS-5A-FA). 3. Diagnostic Procedures 3.1 Network Communication Test Procedure 1.​ Connect laptop directly to Port ETH1 using a standard Cat6 Ethernet patch cable. 2.​ Configure workstation static IP to 192.168.1.150, Subnet 255.255.255.0. 3.​ Open terminal console and issue ping test: ping 192.168.1.100 -n 10.","●​ Payload: JSON 13.​{ 14.​ ""parameter"": ""FLOW_TARGET"", 15.​ ""value"": 110.0 16.​} ●​ Response: 200 OK on success, 400 Bad Request if value exceeds range. 4. Error Codes & Fault Diagnostics Error Code Hex Code Description Recommended Action ERR_101 0x0065 Supply Voltage Low (< 18.0 VDC) Check DC power supply output voltage. ERR_102 0x0066 Over-Pressure Limit Triggered Verify discharge line valves and reset register PRESS_MAX_LIMIT. ERR_204 0x00CC Comm Timeout Limit Exceeded Inspect cabling; confirm client matches COM_TIMEOUT setting. 17.​"
95,H.pdf,2,77fb0e52-48b0-4c2a-9aa2-5f9f05af5a77,F.pdf,2,cb5e5c0c-c015-4dca-8e80-14a38fcde0e2,0.044078,0.350872,0.250000,0.000000,0.178656,0,,,DATE|PRESSURE,DATE|MODEL_NUMBER|QUANTITY,"In the event of fluid leaks, abnormal noise, smoke, or uncontrolled parameter runaway: 1.​ Press the nearest Physical Emergency Stop (E-Stop) Button located on the front cabinet door or remote panel station. 2.​ The controller automatically drops the main isolation contactor within < 50 ms, removing power from all connected actuator solenoids and motor drives. 3.​ Close manual fluid isolation valves V-101 (Inlet) and V-102 (Outlet). 4.​ Verify system pressure gauge indicates 0.0 bar before approaching the fluid manifold assembly. 5.​ Notify the Area Safety Supervisor and file an Incident Log Report. 4. Routine Safety Inspection Procedure Perform weekly safety checks according to the following checklist:","2.​ | Interval | Task Description | Responsible | 3.​ +------------------+-----------------------------------------------+---------------+ 4.​ | Daily | Visual inspection of status LEDs and display | Operator | 5.​ | Monthly | Check pressure sensor calibration zero-points | Maintenance | 6.​ | Every 6 Months | Clean/replace internal panel air filter | Maintenance | 7.​ | Every 1,000 Hrs | Replace internal system battery (CR2032) | Lead Tech | 8.​ | Every 12 Months | Full physical seal and valve diaphragm overhaul | Certified Tech| 9.​ +------------------+-----------------------------------------------+---------------+ 3.2 Air Filter Replacement"
96,E.pdf,1,f325c245-d303-4f0e-981f-72a11053f0e0,H.pdf,2,c04bec4a-b16c-4e2d-893d-8cd2f8e3bed0,0.073140,0.437573,0.000000,0.000000,0.178006,0,,,MODEL_NUMBER,FLOW_RATE|TEMPERATURE|VOLTAGE,"XR-500 Industrial Controller Installation & Commissioning Guide Document ID: DOC-XR500-INS-v2.1 Target Model: XR-500-A1 / XR-500-B1 1. General Overview & Safety Precautions 1.1 Safety Overview The XR-500 Industrial Controller is a high-reliability control unit designed for heavy manufacturing, process control, and automated fluid management systems. Standard electrical and industrial safety procedures must be observed at all times during installation and commissioning. ●​ Qualified Personnel: Only certified control technicians or licensed electricians should perform electrical wiring and physical mounting. ●​ Isolation: Always verify main incoming power feeds are de-energized, locked out, and tagged out (LOTO) prior to terminal connection.","7.​ Maximum Line Flow Rate 180.0 L/min Pump Drive Overload Trip 8.​ Ambient Operating Temp -10°C to 40°C System Thermal Lockout 9.​ Maximum Supply Voltage 30.0 VDC Power Board Overvoltage Shutdown 10.​=================================================================== ============ 2.2 Prohibited Actions ●​ NEVER attempt to modify electrical wiring without disabling incoming DC breaker. ●​ NEVER operate the controller in environments where ambient temperature exceeds 40°C. ●​ NEVER clear fault logs while the process skid is active in AUTO mode. 3. Emergency Shutdown Procedure (E-STOP) In the event of fluid leaks, abnormal noise, smoke, or uncontrolled parameter runaway:"
97,I.pdf,2,73fb8999-5eb8-4d44-b107-54cc7964bc12,F.pdf,1,26814e5b-dadd-430e-8308-ff247ffb400b,0.121113,0.392651,0.000000,0.000000,0.175266,0,,,DATE,FLOW_RATE|MODEL_NUMBER|PERCENT|PRESSURE|TEMPERATURE|VOLTAGE,"Erratic Flow Measurements Air trapped in flow transducer or corrupted calibration Verify actual volumetric flow rate with external reference meter Perform zero-point calibration sequence; clean internal sensor body 2. Service & Maintenance Limits 2.1 Major Maintenance Intervals & Service Limits Component wear items must be replaced based on run-hours or calendar time—whichever occurs first—to avoid unexpected system downtime. ●​ Air Filter Replacement: Every 6 Months or 2,000 Operating Hours ●​ System Backup Battery Replacement: Every 36 Months or upon low-voltage alarm (ERR_301) ●​ Complete System Preventive Maintenance (PM) Cycle: Every 6 Months ●​ Full Valve & Seal Replacement Overhaul: Every 24 Months or 10,000 Operating Hours","XR-500 Industrial Controller Operations & Maintenance Manual Document ID: DOC-XR500-OMM-v3.0 Target Model: XR-500 Series Control Systems 1. System Operational Limits & Parameters 1.1 Operating Envelope The XR-500 system maintains automatic supervisory oversight of process variables. Operating outside defined envelope parameters triggers automatic warnings, throttling, or emergency trips. Parameter Normal Range Maximum Limit Units Process Fluid Pressure 1.0 – 6.5 8.0 bar Volumetric Flow Rate 10 – 120 150 L/min Operating Temperature -10 to 45 50 °C Input Supply Voltage 20.0 – 28.0 32.0 VDC System Duty Cycle Continuous (24/7) 100% Load — 2. Normal Operating Procedures 2.1 System Startup"
98,H.pdf,2,72d9c05a-a594-4f5a-a052-4ebd0455683d,I.pdf,2,49527977-1189-487c-9c96-3be3fa2ec9fa,0.069827,0.318720,0.250000,0.000000,0.174291,0,,,DATE|TEMPERATURE,DATE|QUANTITY|VOLTAGE,Perform weekly safety checks according to the following checklist: 1.​ Test Emergency Stop button responsiveness while operating in low-flow test mode. 2.​ Check enclosure door gaskets for signs of degradation or moisture intrusion. 3.​ Inspect ground bonding strap for tightness and freedom from corrosion. 4.​ Verify ambient enclosure temperature reading on HMI panel remains below 40°C during peak operation. 11.​,"●​ Full Valve & Seal Replacement Overhaul: Every 24 Months or 10,000 Operating Hours 2.2 Fuse & Electrical Component Replacement If primary power does not initiate, verify incoming lines before replacing internal components: 1.​ Isolate incoming DC power. 2.​ Open lower terminal housing panel. 3.​ Inspect main fuse F1 (5 A, 250 V, Fast-Acting Ceramic 5x20 mm). 4.​ Replace only with identical rated fuse (Part No. FUS-5A-FA). 3. Diagnostic Procedures 3.1 Network Communication Test Procedure 1.​ Connect laptop directly to Port ETH1 using a standard Cat6 Ethernet patch cable. 2.​ Configure workstation static IP to 192.168.1.150, Subnet 255.255.255.0. 3.​ Open terminal console and issue ping test: ping 192.168.1.100 -n 10."
99,E.pdf,2,a933003d-a35e-4634-9b7f-89af44bf33cb,F.pdf,1,d58b93a3-02fc-4970-b004-0134b0641aba,0.034397,0.451422,0.000000,0.000000,0.172143,0,,,,PERCENT|PRESSURE,2.​ Confirm that analog and digital expansion module ribbon cables are fully seated. 3.​ Verify line pressure on connected fluid lines is reduced to ambient prior to initial power-up.,Continuous (24/7) 100% Load — 2. Normal Operating Procedures 2.1 System Startup 1.​ Ensure the main electrical disconnect switch is placed in the ON position. 2.​ Verify system boot completion via the HMI display reading: STATUS: READY. 3.​ Press the blue RUN button on the control panel door or issue the CMD_START command viaModbus/TCP. 4.​ Verify system pressure stabilizes between 2.5 bar and 4.0 bar within 30 seconds of pump engagement.
100,H.pdf,2,c04bec4a-b16c-4e2d-893d-8cd2f8e3bed0,I.pdf,1,c89e2dfd-f1ac-4742-b282-2ec9c7b87886,0.085113,0.408328,0.000000,0.000000,0.170830,0,,,FLOW_RATE|TEMPERATURE|VOLTAGE,MODEL_NUMBER|PRESSURE,"7.​ Maximum Line Flow Rate 180.0 L/min Pump Drive Overload Trip 8.​ Ambient Operating Temp -10°C to 40°C System Thermal Lockout 9.​ Maximum Supply Voltage 30.0 VDC Power Board Overvoltage Shutdown 10.​=================================================================== ============ 2.2 Prohibited Actions ●​ NEVER attempt to modify electrical wiring without disabling incoming DC breaker. ●​ NEVER operate the controller in environments where ambient temperature exceeds 40°C. ●​ NEVER clear fault logs while the process skid is active in AUTO mode. 3. Emergency Shutdown Procedure (E-STOP) In the event of fluid leaks, abnormal noise, smoke, or uncontrolled parameter runaway:","XR-500 Industrial Controller Troubleshooting & Service Guide Document ID: DOC-XR500-TSG-v1.2 Target Audience: Field Service Engineers & Maintenance Personnel 1. Fault Isolation & Diagnostic Flow 1.1 General Fault Resolution Matrix When an anomaly occurs, the XR-500 onboard controller logs diagnostic codes to the system event log. Refer to the matrix below for common fault symptoms, root causes, and corrective field procedures. Symptom Probable Cause Diagnostic Step Corrective Action System halts abruptly with ERR_102 Line pressure exceeded upper safety trip point Check historical trend graphs for pressure spikes above 8.0 bar Inspect downstream control valves for blockages; verify valve V-102 opening speed Communication Failure / Dropped Frames"
101,I.pdf,1,c89e2dfd-f1ac-4742-b282-2ec9c7b87886,G.pdf,2,c7a714d5-13f8-41d3-a3a8-d40a3a1bbdc1,0.032448,0.337881,0.250000,0.000000,0.170723,0,,,MODEL_NUMBER|PRESSURE,DATE|MODEL_NUMBER|TEMPERATURE,"XR-500 Industrial Controller Troubleshooting & Service Guide Document ID: DOC-XR500-TSG-v1.2 Target Audience: Field Service Engineers & Maintenance Personnel 1. Fault Isolation & Diagnostic Flow 1.1 General Fault Resolution Matrix When an anomaly occurs, the XR-500 onboard controller logs diagnostic codes to the system event log. Refer to the matrix below for common fault symptoms, root causes, and corrective field procedures. Symptom Probable Cause Diagnostic Step Corrective Action System halts abruptly with ERR_102 Line pressure exceeded upper safety trip point Check historical trend graphs for pressure spikes above 8.0 bar Inspect downstream control valves for blockages; verify valve V-102 opening speed Communication Failure / Dropped Frames","40012 FLOW_TARGET FLOAT3 2 80.0 0.0 – 180.0 L/mi n Operational target flow rate 40020 TEMP_TRIP_SET FLOAT3 2 60.0 20.0 – 75.0 °C Upper temperature emergency shutdown threshold 40033 COM_TIMEOUT UINT16 5000 1000 – 30000 ms API communicatio n keep-alive timeout 3. REST API Interface Examples 3.1 Get System Status ●​ Request Endpoint: GET /api/v2/system/status ●​ Headers: Authorization: Bearer <token> ●​ Sample JSON Response: JSON 1.​ { 2.​ ""device_id"": ""XR500-88492"", 3.​ ""firmware_version"": ""v2.4.1"", 4.​ ""system_state"": ""RUNNING"", 5.​ ""telemetry"": { 6.​ ""operating_pressure_bar"": 4.2, 7.​ ""flow_rate_lpm"": 85.0, 8.​ ""internal_temp_c"": 38.5, 9.​ ""supply_voltage_vdc"": 24.1 10.​ }, 11.​ ""status_code"": 200 12.​}"
102,H.pdf,1,a38693a6-7010-43f9-93cb-57ac82ab6ae0,F.pdf,2,cb5e5c0c-c015-4dca-8e80-14a38fcde0e2,0.026487,0.445924,0.000000,0.000000,0.167949,0,,,PRESSURE,DATE|MODEL_NUMBER|QUANTITY,"jumpered. 2. Operational Safety Limits & Prohibited Conditions 2.1 Critical Safety Thresholds To prevent catastrophic mechanical failure or fluid line rupture, the unit MUST NOT be operated outside the strict safety limits defined below. 1.​ =================================================================== ============ 2.​ CRITICAL SAFETY OPERATING BOUNDARIES 3.​ =================================================================== ============ 4.​ Parameter Absolute Safety Limit Action On Exceedance 5.​ ------------------------------------------------------------------------------- 6.​ Maximum System Pressure 10.5 bar Immediate Pressure Relief Valve trip","2.​ | Interval | Task Description | Responsible | 3.​ +------------------+-----------------------------------------------+---------------+ 4.​ | Daily | Visual inspection of status LEDs and display | Operator | 5.​ | Monthly | Check pressure sensor calibration zero-points | Maintenance | 6.​ | Every 6 Months | Clean/replace internal panel air filter | Maintenance | 7.​ | Every 1,000 Hrs | Replace internal system battery (CR2032) | Lead Tech | 8.​ | Every 12 Months | Full physical seal and valve diaphragm overhaul | Certified Tech| 9.​ +------------------+-----------------------------------------------+---------------+ 3.2 Air Filter Replacement"
103,E.pdf,1,f325c245-d303-4f0e-981f-72a11053f0e0,H.pdf,2,72d9c05a-a594-4f5a-a052-4ebd0455683d,0.037936,0.435470,0.000000,0.000000,0.167391,0,,,MODEL_NUMBER,DATE|TEMPERATURE,"XR-500 Industrial Controller Installation & Commissioning Guide Document ID: DOC-XR500-INS-v2.1 Target Model: XR-500-A1 / XR-500-B1 1. General Overview & Safety Precautions 1.1 Safety Overview The XR-500 Industrial Controller is a high-reliability control unit designed for heavy manufacturing, process control, and automated fluid management systems. Standard electrical and industrial safety procedures must be observed at all times during installation and commissioning. ●​ Qualified Personnel: Only certified control technicians or licensed electricians should perform electrical wiring and physical mounting. ●​ Isolation: Always verify main incoming power feeds are de-energized, locked out, and tagged out (LOTO) prior to terminal connection.",Perform weekly safety checks according to the following checklist: 1.​ Test Emergency Stop button responsiveness while operating in low-flow test mode. 2.​ Check enclosure door gaskets for signs of degradation or moisture intrusion. 3.​ Inspect ground bonding strap for tightness and freedom from corrosion. 4.​ Verify ambient enclosure temperature reading on HMI panel remains below 40°C during peak operation. 11.​
104,E.pdf,2,a933003d-a35e-4634-9b7f-89af44bf33cb,H.pdf,2,72d9c05a-a594-4f5a-a052-4ebd0455683d,0.039209,0.432269,0.000000,0.000000,0.166595,0,,,,DATE|TEMPERATURE,2.​ Confirm that analog and digital expansion module ribbon cables are fully seated. 3.​ Verify line pressure on connected fluid lines is reduced to ambient prior to initial power-up.,Perform weekly safety checks according to the following checklist: 1.​ Test Emergency Stop button responsiveness while operating in low-flow test mode. 2.​ Check enclosure door gaskets for signs of degradation or moisture intrusion. 3.​ Inspect ground bonding strap for tightness and freedom from corrosion. 4.​ Verify ambient enclosure temperature reading on HMI panel remains below 40°C during peak operation. 11.​
105,I.pdf,1,92a7f8ae-2570-41a5-ade1-fcc4fc89dafd,F.pdf,1,d58b93a3-02fc-4970-b004-0134b0641aba,0.062531,0.402303,0.000000,0.000000,0.162338,0,,,DATE|TEMPERATURE,PERCENT|PRESSURE,blockages; verify valve V-102 opening speed Communication Failure / Dropped Frames Network packet dropping or timeout settings too aggressive Ping controller IP; check diagnostic register 40033 Ensure client retry timeout is set to at least 3000 ms with 3 retry attempts Unexpected Thermal Shutdown High internal or cabinet ambient temperature Check internal temperature sensor reading vs external ambient Ensure ambient temperature does not exceed maximum installation threshold of 55°C,Continuous (24/7) 100% Load — 2. Normal Operating Procedures 2.1 System Startup 1.​ Ensure the main electrical disconnect switch is placed in the ON position. 2.​ Verify system boot completion via the HMI display reading: STATUS: READY. 3.​ Press the blue RUN button on the control panel door or issue the CMD_START command viaModbus/TCP. 4.​ Verify system pressure stabilizes between 2.5 bar and 4.0 bar within 30 seconds of pump engagement.
106,H.pdf,2,c04bec4a-b16c-4e2d-893d-8cd2f8e3bed0,G.pdf,1,56ef5443-1bc1-40c6-83bf-b7d3270d7686,0.039233,0.420349,0.000000,0.000000,0.162311,0,,,FLOW_RATE|TEMPERATURE|VOLTAGE,DATE|PRESSURE,"7.​ Maximum Line Flow Rate 180.0 L/min Pump Drive Overload Trip 8.​ Ambient Operating Temp -10°C to 40°C System Thermal Lockout 9.​ Maximum Supply Voltage 30.0 VDC Power Board Overvoltage Shutdown 10.​=================================================================== ============ 2.2 Prohibited Actions ●​ NEVER attempt to modify electrical wiring without disabling incoming DC breaker. ●​ NEVER operate the controller in environments where ambient temperature exceeds 40°C. ●​ NEVER clear fault logs while the process skid is active in AUTO mode. 3. Emergency Shutdown Procedure (E-STOP) In the event of fluid leaks, abnormal noise, smoke, or uncontrolled parameter runaway:","2. System Configuration Parameters 2.1 Configurable Register Map The following table outlines key internal configuration parameters accessible via Modbus holding registers or REST API endpoints. Registe r Parameter Name Data Type Defaul t Value Allowe d Range Unit Description 40001 SYS_MODE UINT16 1 0 – 3 — 0=Standby, 1=Auto, 2=Manual, 3=Cal 40005 PRESS_MAX_LIM IT FLOAT3 2 8.0 1.0 – 12.0 bar High pressure trip threshold"
107,E.pdf,1,4283c023-732b-4278-afab-ed39f4de33e2,F.pdf,1,d58b93a3-02fc-4970-b004-0134b0641aba,0.063085,0.252569,0.333333,0.000000,0.161922,0,,,PERCENT|TEMPERATURE,PERCENT|PRESSURE,"tagged out (LOTO) prior to terminal connection. ●​ Grounding: Ensure protective earth (PE) grounding is established with a maximum impedance of < 0.5 Ω. 2. Environmental & Mounting Specifications 2.1 Environmental Requirements To ensure continuous operation and preserve hardware longevity, the installation location must comply with the environmental operating parameters listed below. Environmental Parameter Specification Requirement Operating Temperature -10°C to 55°C (14°F to 131°F) Storage Temperature -20°C to 70°C (-4°F to 158°F) Relative Humidity 5% to 90% Non-Condensing",Continuous (24/7) 100% Load — 2. Normal Operating Procedures 2.1 System Startup 1.​ Ensure the main electrical disconnect switch is placed in the ON position. 2.​ Verify system boot completion via the HMI display reading: STATUS: READY. 3.​ Press the blue RUN button on the control panel door or issue the CMD_START command viaModbus/TCP. 4.​ Verify system pressure stabilizes between 2.5 bar and 4.0 bar within 30 seconds of pump engagement.
108,H.pdf,2,c04bec4a-b16c-4e2d-893d-8cd2f8e3bed0,F.pdf,2,cb5e5c0c-c015-4dca-8e80-14a38fcde0e2,0.000000,0.449491,0.000000,0.000000,0.161817,0,,,FLOW_RATE|TEMPERATURE|VOLTAGE,DATE|MODEL_NUMBER|QUANTITY,"7.​ Maximum Line Flow Rate 180.0 L/min Pump Drive Overload Trip 8.​ Ambient Operating Temp -10°C to 40°C System Thermal Lockout 9.​ Maximum Supply Voltage 30.0 VDC Power Board Overvoltage Shutdown 10.​=================================================================== ============ 2.2 Prohibited Actions ●​ NEVER attempt to modify electrical wiring without disabling incoming DC breaker. ●​ NEVER operate the controller in environments where ambient temperature exceeds 40°C. ●​ NEVER clear fault logs while the process skid is active in AUTO mode. 3. Emergency Shutdown Procedure (E-STOP) In the event of fluid leaks, abnormal noise, smoke, or uncontrolled parameter runaway:","2.​ | Interval | Task Description | Responsible | 3.​ +------------------+-----------------------------------------------+---------------+ 4.​ | Daily | Visual inspection of status LEDs and display | Operator | 5.​ | Monthly | Check pressure sensor calibration zero-points | Maintenance | 6.​ | Every 6 Months | Clean/replace internal panel air filter | Maintenance | 7.​ | Every 1,000 Hrs | Replace internal system battery (CR2032) | Lead Tech | 8.​ | Every 12 Months | Full physical seal and valve diaphragm overhaul | Certified Tech| 9.​ +------------------+-----------------------------------------------+---------------+ 3.2 Air Filter Replacement"
109,E.pdf,2,b7807dc3-07ae-4788-93a6-7f720c6aed18,F.pdf,2,cb5e5c0c-c015-4dca-8e80-14a38fcde0e2,0.019019,0.336803,0.200000,0.000000,0.158574,0,,,DATE|TEMPERATURE|VOLTAGE,DATE|MODEL_NUMBER|QUANTITY,wide input ranges. ●​ Primary Power Input: 24 VDC Nominal (Acceptable Range: 18.0 VDC to 32.0 VDC) ●​ Maximum Power Consumption: 45 W Peak (32 W typical) ●​ Inrush Current: < 12 A for < 5 ms ●​ Circuit Breaker Requirement: 5 A slow-blow fuse or dedicated miniature circuit breaker (MCB) 3.2 Terminal Pinouts Connect all primary power wiring to Terminal Block A (TB-A) using 16 AWG stranded copper wire rated for 90°C. ●​ TB-A Pin 1: +24 VDC Line ●​ TB-A Pin 2: DC Return (GND) ●​ TB-A Pin 3: Protective Earth (PE Chassis Ground) 4. Initial Commissioning Procedure 4.1 Pre-Power Checks 1.​ Inspect all physical wire connections for correct polarity and mechanical firmness. 2.​ Confirm that analog and digital expansion module ribbon cables are fully seated.,"2.​ | Interval | Task Description | Responsible | 3.​ +------------------+-----------------------------------------------+---------------+ 4.​ | Daily | Visual inspection of status LEDs and display | Operator | 5.​ | Monthly | Check pressure sensor calibration zero-points | Maintenance | 6.​ | Every 6 Months | Clean/replace internal panel air filter | Maintenance | 7.​ | Every 1,000 Hrs | Replace internal system battery (CR2032) | Lead Tech | 8.​ | Every 12 Months | Full physical seal and valve diaphragm overhaul | Certified Tech| 9.​ +------------------+-----------------------------------------------+---------------+ 3.2 Air Filter Replacement"
110,H.pdf,1,a38693a6-7010-43f9-93cb-57ac82ab6ae0,F.pdf,2,b733a4e5-dbeb-49c1-b5a9-3399a59e936e,0.025232,0.419826,0.000000,0.000000,0.158202,0,,,PRESSURE,DATE|TEMPERATURE,"jumpered. 2. Operational Safety Limits & Prohibited Conditions 2.1 Critical Safety Thresholds To prevent catastrophic mechanical failure or fluid line rupture, the unit MUST NOT be operated outside the strict safety limits defined below. 1.​ =================================================================== ============ 2.​ CRITICAL SAFETY OPERATING BOUNDARIES 3.​ =================================================================== ============ 4.​ Parameter Absolute Safety Limit Action On Exceedance 5.​ ------------------------------------------------------------------------------- 6.​ Maximum System Pressure 10.5 bar Immediate Pressure Relief Valve trip","2.2 Normal Shutdown Procedure 1.​ Disengage automatic sequence control on the supervisory workstation. 2.​ Issue the CMD_STOP command or hold the front panel STOP button for 3 seconds. 3.​ Allow the recirculation pump to run in flush mode for 120 seconds to cool internal drive elements. 4.​ Once fluid temperature drops below 35°C, close main inlet valves V-101 and V-102. 3. Preventive Maintenance Schedules 3.1 Periodic Maintenance Table To maintain operational integrity and system compliance, perform scheduled maintenance tasks strictly according to the intervals listed below. 1.​ +------------------+-----------------------------------------------+---------------+ 2.​ | Interval | Task Description | Responsible |"
111,E.pdf,2,a933003d-a35e-4634-9b7f-89af44bf33cb,I.pdf,1,c89e2dfd-f1ac-4742-b282-2ec9c7b87886,0.037885,0.409921,0.000000,0.000000,0.158179,0,,,,MODEL_NUMBER|PRESSURE,2.​ Confirm that analog and digital expansion module ribbon cables are fully seated. 3.​ Verify line pressure on connected fluid lines is reduced to ambient prior to initial power-up.,"XR-500 Industrial Controller Troubleshooting & Service Guide Document ID: DOC-XR500-TSG-v1.2 Target Audience: Field Service Engineers & Maintenance Personnel 1. Fault Isolation & Diagnostic Flow 1.1 General Fault Resolution Matrix When an anomaly occurs, the XR-500 onboard controller logs diagnostic codes to the system event log. Refer to the matrix below for common fault symptoms, root causes, and corrective field procedures. Symptom Probable Cause Diagnostic Step Corrective Action System halts abruptly with ERR_102 Line pressure exceeded upper safety trip point Check historical trend graphs for pressure spikes above 8.0 bar Inspect downstream control valves for blockages; verify valve V-102 opening speed Communication Failure / Dropped Frames"
112,H.pdf,2,77fb0e52-48b0-4c2a-9aa2-5f9f05af5a77,I.pdf,2,49527977-1189-487c-9c96-3be3fa2ec9fa,0.032624,0.300787,0.250000,0.000000,0.157418,0,,,DATE|PRESSURE,DATE|QUANTITY|VOLTAGE,"In the event of fluid leaks, abnormal noise, smoke, or uncontrolled parameter runaway: 1.​ Press the nearest Physical Emergency Stop (E-Stop) Button located on the front cabinet door or remote panel station. 2.​ The controller automatically drops the main isolation contactor within < 50 ms, removing power from all connected actuator solenoids and motor drives. 3.​ Close manual fluid isolation valves V-101 (Inlet) and V-102 (Outlet). 4.​ Verify system pressure gauge indicates 0.0 bar before approaching the fluid manifold assembly. 5.​ Notify the Area Safety Supervisor and file an Incident Log Report. 4. Routine Safety Inspection Procedure Perform weekly safety checks according to the following checklist:","●​ Full Valve & Seal Replacement Overhaul: Every 24 Months or 10,000 Operating Hours 2.2 Fuse & Electrical Component Replacement If primary power does not initiate, verify incoming lines before replacing internal components: 1.​ Isolate incoming DC power. 2.​ Open lower terminal housing panel. 3.​ Inspect main fuse F1 (5 A, 250 V, Fast-Acting Ceramic 5x20 mm). 4.​ Replace only with identical rated fuse (Part No. FUS-5A-FA). 3. Diagnostic Procedures 3.1 Network Communication Test Procedure 1.​ Connect laptop directly to Port ETH1 using a standard Cat6 Ethernet patch cable. 2.​ Configure workstation static IP to 192.168.1.150, Subnet 255.255.255.0. 3.​ Open terminal console and issue ping test: ping 192.168.1.100 -n 10."
113,E.pdf,2,a933003d-a35e-4634-9b7f-89af44bf33cb,H.pdf,2,77fb0e52-48b0-4c2a-9aa2-5f9f05af5a77,0.089035,0.367731,0.000000,0.000000,0.157313,0,,,,DATE|PRESSURE,2.​ Confirm that analog and digital expansion module ribbon cables are fully seated. 3.​ Verify line pressure on connected fluid lines is reduced to ambient prior to initial power-up.,"In the event of fluid leaks, abnormal noise, smoke, or uncontrolled parameter runaway: 1.​ Press the nearest Physical Emergency Stop (E-Stop) Button located on the front cabinet door or remote panel station. 2.​ The controller automatically drops the main isolation contactor within < 50 ms, removing power from all connected actuator solenoids and motor drives. 3.​ Close manual fluid isolation valves V-101 (Inlet) and V-102 (Outlet). 4.​ Verify system pressure gauge indicates 0.0 bar before approaching the fluid manifold assembly. 5.​ Notify the Area Safety Supervisor and file an Incident Log Report. 4. Routine Safety Inspection Procedure Perform weekly safety checks according to the following checklist:"
114,I.pdf,2,49527977-1189-487c-9c96-3be3fa2ec9fa,F.pdf,2,b733a4e5-dbeb-49c1-b5a9-3399a59e936e,0.051542,0.282636,0.250000,0.000000,0.156181,0,,,DATE|QUANTITY|VOLTAGE,DATE|TEMPERATURE,"●​ Full Valve & Seal Replacement Overhaul: Every 24 Months or 10,000 Operating Hours 2.2 Fuse & Electrical Component Replacement If primary power does not initiate, verify incoming lines before replacing internal components: 1.​ Isolate incoming DC power. 2.​ Open lower terminal housing panel. 3.​ Inspect main fuse F1 (5 A, 250 V, Fast-Acting Ceramic 5x20 mm). 4.​ Replace only with identical rated fuse (Part No. FUS-5A-FA). 3. Diagnostic Procedures 3.1 Network Communication Test Procedure 1.​ Connect laptop directly to Port ETH1 using a standard Cat6 Ethernet patch cable. 2.​ Configure workstation static IP to 192.168.1.150, Subnet 255.255.255.0. 3.​ Open terminal console and issue ping test: ping 192.168.1.100 -n 10.","2.2 Normal Shutdown Procedure 1.​ Disengage automatic sequence control on the supervisory workstation. 2.​ Issue the CMD_STOP command or hold the front panel STOP button for 3 seconds. 3.​ Allow the recirculation pump to run in flush mode for 120 seconds to cool internal drive elements. 4.​ Once fluid temperature drops below 35°C, close main inlet valves V-101 and V-102. 3. Preventive Maintenance Schedules 3.1 Periodic Maintenance Table To maintain operational integrity and system compliance, perform scheduled maintenance tasks strictly according to the intervals listed below. 1.​ +------------------+-----------------------------------------------+---------------+ 2.​ | Interval | Task Description | Responsible |"
115,I.pdf,2,49527977-1189-487c-9c96-3be3fa2ec9fa,G.pdf,1,e42eff19-3994-404b-9c30-514883ebf634,0.132259,0.330602,0.000000,0.000000,0.156049,0,,,DATE|QUANTITY|VOLTAGE,MODEL_NUMBER,"●​ Full Valve & Seal Replacement Overhaul: Every 24 Months or 10,000 Operating Hours 2.2 Fuse & Electrical Component Replacement If primary power does not initiate, verify incoming lines before replacing internal components: 1.​ Isolate incoming DC power. 2.​ Open lower terminal housing panel. 3.​ Inspect main fuse F1 (5 A, 250 V, Fast-Acting Ceramic 5x20 mm). 4.​ Replace only with identical rated fuse (Part No. FUS-5A-FA). 3. Diagnostic Procedures 3.1 Network Communication Test Procedure 1.​ Connect laptop directly to Port ETH1 using a standard Cat6 Ethernet patch cable. 2.​ Configure workstation static IP to 192.168.1.150, Subnet 255.255.255.0. 3.​ Open terminal console and issue ping test: ping 192.168.1.100 -n 10.","XR-500 Industrial Controller Configuration & API Reference Document ID: DOC-XR500-API-v1.4 Protocol Version: REST API v2 / Modbus-TCP v1.1 1. Communication Settings & Interface Protocols 1.1 Network Configuration The XR-500 system provides dual Ethernet interfaces (ETH1, ETH2) supporting standard industrial communications including Modbus/TCP, EtherNet/IP, and a native RESTful JSON API. ●​ Default Interface (ETH1): Static IP 192.168.1.100 ●​ Default Port Settings: ○​ Web GUI / REST API: Port 80 / 443 ○​ Modbus/TCP: Port 502 ●​ Network Timeout Setting: ○​ Parameter NET_TIMEOUT_MS: Default 3000 ms (Allowed Range: 500 – 10000 ms) ○​ Network Retry Attempts (NET_RETRY_CNT): Default 3 (Allowed Range: 1 – 5) 2. System Configuration Parameters 2.1 Configurable Register Map"
116,H.pdf,1,9d2908ba-a3cf-4853-a950-d7c4fc077a6e,I.pdf,1,92a7f8ae-2570-41a5-ade1-fcc4fc89dafd,0.006352,0.316452,0.250000,0.000000,0.155701,0,,,DATE|MODEL_NUMBER|QUANTITY,DATE|TEMPERATURE,"XR-500 Industrial Controller Safety & Standard Operating Procedure (SOP) Document ID: SOP-XR500-SAF-002 Effective Date: January 15, 2026 Revision: Rev 4 1. Safety Requirements & Compliance 1.1 Personal Protective Equipment (PPE) All operators and maintenance technicians working within 2 meters of the XR-500 controlled process skid must wear the following mandatory safety gear: ●​ Safety Glasses with side shields (ANSI Z87.1 approved) ●​ Steel-toe work boots (ASTM F2413) ●​ Heat-resistant and chemical-resistant gloves (EN 374 compliant) 1.2 Interlock & Safety Systems The XR-500 is equipped with redundant dual-channel safety circuits. Under no circumstances should safety interlocks, enclosure door microswitches, or pressure relief valves be bypassed or jumpered.",blockages; verify valve V-102 opening speed Communication Failure / Dropped Frames Network packet dropping or timeout settings too aggressive Ping controller IP; check diagnostic register 40033 Ensure client retry timeout is set to at least 3000 ms with 3 retry attempts Unexpected Thermal Shutdown High internal or cabinet ambient temperature Check internal temperature sensor reading vs external ambient Ensure ambient temperature does not exceed maximum installation threshold of 55°C
117,E.pdf,3,9a914e1d-6b14-4390-8b34-12d11b581ae2,G.pdf,1,e42eff19-3994-404b-9c30-514883ebf634,0.156631,0.304940,0.000000,0.000000,0.153635,0,,,VOLTAGE,MODEL_NUMBER,4.2 Initial Power-Up Sequence 1.​ Apply 24 VDC power to TB-A. 2.​ Observe the front panel diagnostic LEDs: ○​ POWER LED: Solid Green within 3 seconds. ○​ STATUS LED: Blinking Amber during system bootloader execution (approx. 20 seconds). ○​ SYSTEM READY LED: Solid Green upon boot completion. 3.​ Connect an Ethernet cable from the configuration workstation to Port 1 (ETH1). 4.​ Default Factory IP Address: 192.168.1.100 (Subnet Mask: 255.255.255.0). 5.​ Open a browser and navigate to [http://192.168.1.100](http://192.168.1.100) to launch the Initial Setup Wizard.,"XR-500 Industrial Controller Configuration & API Reference Document ID: DOC-XR500-API-v1.4 Protocol Version: REST API v2 / Modbus-TCP v1.1 1. Communication Settings & Interface Protocols 1.1 Network Configuration The XR-500 system provides dual Ethernet interfaces (ETH1, ETH2) supporting standard industrial communications including Modbus/TCP, EtherNet/IP, and a native RESTful JSON API. ●​ Default Interface (ETH1): Static IP 192.168.1.100 ●​ Default Port Settings: ○​ Web GUI / REST API: Port 80 / 443 ○​ Modbus/TCP: Port 502 ●​ Network Timeout Setting: ○​ Parameter NET_TIMEOUT_MS: Default 3000 ms (Allowed Range: 500 – 10000 ms) ○​ Network Retry Attempts (NET_RETRY_CNT): Default 3 (Allowed Range: 1 – 5) 2. System Configuration Parameters 2.1 Configurable Register Map"
118,E.pdf,2,a933003d-a35e-4634-9b7f-89af44bf33cb,I.pdf,2,49527977-1189-487c-9c96-3be3fa2ec9fa,0.050578,0.386163,0.000000,0.000000,0.153181,0,,,,DATE|QUANTITY|VOLTAGE,2.​ Confirm that analog and digital expansion module ribbon cables are fully seated. 3.​ Verify line pressure on connected fluid lines is reduced to ambient prior to initial power-up.,"●​ Full Valve & Seal Replacement Overhaul: Every 24 Months or 10,000 Operating Hours 2.2 Fuse & Electrical Component Replacement If primary power does not initiate, verify incoming lines before replacing internal components: 1.​ Isolate incoming DC power. 2.​ Open lower terminal housing panel. 3.​ Inspect main fuse F1 (5 A, 250 V, Fast-Acting Ceramic 5x20 mm). 4.​ Replace only with identical rated fuse (Part No. FUS-5A-FA). 3. Diagnostic Procedures 3.1 Network Communication Test Procedure 1.​ Connect laptop directly to Port ETH1 using a standard Cat6 Ethernet patch cable. 2.​ Configure workstation static IP to 192.168.1.150, Subnet 255.255.255.0. 3.​ Open terminal console and issue ping test: ping 192.168.1.100 -n 10."
119,I.pdf,2,49527977-1189-487c-9c96-3be3fa2ec9fa,F.pdf,2,493d41e5-bce7-4119-932f-6d740cc2cd63,0.059808,0.264649,0.250000,0.000000,0.152020,0,,,DATE|QUANTITY|VOLTAGE,MODEL_NUMBER|VOLTAGE,"●​ Full Valve & Seal Replacement Overhaul: Every 24 Months or 10,000 Operating Hours 2.2 Fuse & Electrical Component Replacement If primary power does not initiate, verify incoming lines before replacing internal components: 1.​ Isolate incoming DC power. 2.​ Open lower terminal housing panel. 3.​ Inspect main fuse F1 (5 A, 250 V, Fast-Acting Ceramic 5x20 mm). 4.​ Replace only with identical rated fuse (Part No. FUS-5A-FA). 3. Diagnostic Procedures 3.1 Network Communication Test Procedure 1.​ Connect laptop directly to Port ETH1 using a standard Cat6 Ethernet patch cable. 2.​ Configure workstation static IP to 192.168.1.150, Subnet 255.255.255.0. 3.​ Open terminal console and issue ping test: ping 192.168.1.100 -n 10.","3.2 Air Filter Replacement 1.​ Disconnect incoming 24 VDC power supply. 2.​ Remove the front enclosure filter cover by unscrewing the four corner thumb screws. 3.​ Remove the saturated filter element (Part No. FLT-XR500-A). 4.​ Insert the new filter element, ensuring airflow direction arrows point inward toward the heatsink assembly. 5.​ Re-secure cover thumb screws hand-tight. 10.​"
120,H.pdf,1,9d2908ba-a3cf-4853-a950-d7c4fc077a6e,I.pdf,2,49527977-1189-487c-9c96-3be3fa2ec9fa,0.017538,0.186004,0.500000,0.000000,0.151872,0,,,DATE|MODEL_NUMBER|QUANTITY,DATE|QUANTITY|VOLTAGE,"XR-500 Industrial Controller Safety & Standard Operating Procedure (SOP) Document ID: SOP-XR500-SAF-002 Effective Date: January 15, 2026 Revision: Rev 4 1. Safety Requirements & Compliance 1.1 Personal Protective Equipment (PPE) All operators and maintenance technicians working within 2 meters of the XR-500 controlled process skid must wear the following mandatory safety gear: ●​ Safety Glasses with side shields (ANSI Z87.1 approved) ●​ Steel-toe work boots (ASTM F2413) ●​ Heat-resistant and chemical-resistant gloves (EN 374 compliant) 1.2 Interlock & Safety Systems The XR-500 is equipped with redundant dual-channel safety circuits. Under no circumstances should safety interlocks, enclosure door microswitches, or pressure relief valves be bypassed or jumpered.","●​ Full Valve & Seal Replacement Overhaul: Every 24 Months or 10,000 Operating Hours 2.2 Fuse & Electrical Component Replacement If primary power does not initiate, verify incoming lines before replacing internal components: 1.​ Isolate incoming DC power. 2.​ Open lower terminal housing panel. 3.​ Inspect main fuse F1 (5 A, 250 V, Fast-Acting Ceramic 5x20 mm). 4.​ Replace only with identical rated fuse (Part No. FUS-5A-FA). 3. Diagnostic Procedures 3.1 Network Communication Test Procedure 1.​ Connect laptop directly to Port ETH1 using a standard Cat6 Ethernet patch cable. 2.​ Configure workstation static IP to 192.168.1.150, Subnet 255.255.255.0. 3.​ Open terminal console and issue ping test: ping 192.168.1.100 -n 10."
121,H.pdf,2,c04bec4a-b16c-4e2d-893d-8cd2f8e3bed0,I.pdf,2,73fb8999-5eb8-4d44-b107-54cc7964bc12,0.051147,0.380734,0.000000,0.000000,0.151386,0,,,FLOW_RATE|TEMPERATURE|VOLTAGE,DATE,"7.​ Maximum Line Flow Rate 180.0 L/min Pump Drive Overload Trip 8.​ Ambient Operating Temp -10°C to 40°C System Thermal Lockout 9.​ Maximum Supply Voltage 30.0 VDC Power Board Overvoltage Shutdown 10.​=================================================================== ============ 2.2 Prohibited Actions ●​ NEVER attempt to modify electrical wiring without disabling incoming DC breaker. ●​ NEVER operate the controller in environments where ambient temperature exceeds 40°C. ●​ NEVER clear fault logs while the process skid is active in AUTO mode. 3. Emergency Shutdown Procedure (E-STOP) In the event of fluid leaks, abnormal noise, smoke, or uncontrolled parameter runaway:","Erratic Flow Measurements Air trapped in flow transducer or corrupted calibration Verify actual volumetric flow rate with external reference meter Perform zero-point calibration sequence; clean internal sensor body 2. Service & Maintenance Limits 2.1 Major Maintenance Intervals & Service Limits Component wear items must be replaced based on run-hours or calendar time—whichever occurs first—to avoid unexpected system downtime. ●​ Air Filter Replacement: Every 6 Months or 2,000 Operating Hours ●​ System Backup Battery Replacement: Every 36 Months or upon low-voltage alarm (ERR_301) ●​ Complete System Preventive Maintenance (PM) Cycle: Every 6 Months ●​ Full Valve & Seal Replacement Overhaul: Every 24 Months or 10,000 Operating Hours"
122,H.pdf,2,72d9c05a-a594-4f5a-a052-4ebd0455683d,G.pdf,1,56ef5443-1bc1-40c6-83bf-b7d3270d7686,0.016911,0.257310,0.333333,0.000000,0.150700,0,,,DATE|TEMPERATURE,DATE|PRESSURE,Perform weekly safety checks according to the following checklist: 1.​ Test Emergency Stop button responsiveness while operating in low-flow test mode. 2.​ Check enclosure door gaskets for signs of degradation or moisture intrusion. 3.​ Inspect ground bonding strap for tightness and freedom from corrosion. 4.​ Verify ambient enclosure temperature reading on HMI panel remains below 40°C during peak operation. 11.​,"2. System Configuration Parameters 2.1 Configurable Register Map The following table outlines key internal configuration parameters accessible via Modbus holding registers or REST API endpoints. Registe r Parameter Name Data Type Defaul t Value Allowe d Range Unit Description 40001 SYS_MODE UINT16 1 0 – 3 — 0=Standby, 1=Auto, 2=Manual, 3=Cal 40005 PRESS_MAX_LIM IT FLOAT3 2 8.0 1.0 – 12.0 bar High pressure trip threshold"
123,E.pdf,3,9a914e1d-6b14-4390-8b34-12d11b581ae2,F.pdf,1,d58b93a3-02fc-4970-b004-0134b0641aba,0.130323,0.315858,0.000000,0.000000,0.150200,0,,,VOLTAGE,PERCENT|PRESSURE,4.2 Initial Power-Up Sequence 1.​ Apply 24 VDC power to TB-A. 2.​ Observe the front panel diagnostic LEDs: ○​ POWER LED: Solid Green within 3 seconds. ○​ STATUS LED: Blinking Amber during system bootloader execution (approx. 20 seconds). ○​ SYSTEM READY LED: Solid Green upon boot completion. 3.​ Connect an Ethernet cable from the configuration workstation to Port 1 (ETH1). 4.​ Default Factory IP Address: 192.168.1.100 (Subnet Mask: 255.255.255.0). 5.​ Open a browser and navigate to [http://192.168.1.100](http://192.168.1.100) to launch the Initial Setup Wizard.,Continuous (24/7) 100% Load — 2. Normal Operating Procedures 2.1 System Startup 1.​ Ensure the main electrical disconnect switch is placed in the ON position. 2.​ Verify system boot completion via the HMI display reading: STATUS: READY. 3.​ Press the blue RUN button on the control panel door or issue the CMD_START command viaModbus/TCP. 4.​ Verify system pressure stabilizes between 2.5 bar and 4.0 bar within 30 seconds of pump engagement.
124,E.pdf,2,b7807dc3-07ae-4788-93a6-7f720c6aed18,G.pdf,2,c7a714d5-13f8-41d3-a3a8-d40a3a1bbdc1,0.021193,0.176252,0.500000,0.000000,0.149385,0,,,DATE|TEMPERATURE|VOLTAGE,DATE|MODEL_NUMBER|TEMPERATURE,wide input ranges. ●​ Primary Power Input: 24 VDC Nominal (Acceptable Range: 18.0 VDC to 32.0 VDC) ●​ Maximum Power Consumption: 45 W Peak (32 W typical) ●​ Inrush Current: < 12 A for < 5 ms ●​ Circuit Breaker Requirement: 5 A slow-blow fuse or dedicated miniature circuit breaker (MCB) 3.2 Terminal Pinouts Connect all primary power wiring to Terminal Block A (TB-A) using 16 AWG stranded copper wire rated for 90°C. ●​ TB-A Pin 1: +24 VDC Line ●​ TB-A Pin 2: DC Return (GND) ●​ TB-A Pin 3: Protective Earth (PE Chassis Ground) 4. Initial Commissioning Procedure 4.1 Pre-Power Checks 1.​ Inspect all physical wire connections for correct polarity and mechanical firmness. 2.​ Confirm that analog and digital expansion module ribbon cables are fully seated.,"40012 FLOW_TARGET FLOAT3 2 80.0 0.0 – 180.0 L/mi n Operational target flow rate 40020 TEMP_TRIP_SET FLOAT3 2 60.0 20.0 – 75.0 °C Upper temperature emergency shutdown threshold 40033 COM_TIMEOUT UINT16 5000 1000 – 30000 ms API communicatio n keep-alive timeout 3. REST API Interface Examples 3.1 Get System Status ●​ Request Endpoint: GET /api/v2/system/status ●​ Headers: Authorization: Bearer <token> ●​ Sample JSON Response: JSON 1.​ { 2.​ ""device_id"": ""XR500-88492"", 3.​ ""firmware_version"": ""v2.4.1"", 4.​ ""system_state"": ""RUNNING"", 5.​ ""telemetry"": { 6.​ ""operating_pressure_bar"": 4.2, 7.​ ""flow_rate_lpm"": 85.0, 8.​ ""internal_temp_c"": 38.5, 9.​ ""supply_voltage_vdc"": 24.1 10.​ }, 11.​ ""status_code"": 200 12.​}"
125,H.pdf,2,72d9c05a-a594-4f5a-a052-4ebd0455683d,I.pdf,1,c89e2dfd-f1ac-4742-b282-2ec9c7b87886,0.041837,0.378615,0.000000,0.000000,0.148016,0,,,DATE|TEMPERATURE,MODEL_NUMBER|PRESSURE,Perform weekly safety checks according to the following checklist: 1.​ Test Emergency Stop button responsiveness while operating in low-flow test mode. 2.​ Check enclosure door gaskets for signs of degradation or moisture intrusion. 3.​ Inspect ground bonding strap for tightness and freedom from corrosion. 4.​ Verify ambient enclosure temperature reading on HMI panel remains below 40°C during peak operation. 11.​,"XR-500 Industrial Controller Troubleshooting & Service Guide Document ID: DOC-XR500-TSG-v1.2 Target Audience: Field Service Engineers & Maintenance Personnel 1. Fault Isolation & Diagnostic Flow 1.1 General Fault Resolution Matrix When an anomaly occurs, the XR-500 onboard controller logs diagnostic codes to the system event log. Refer to the matrix below for common fault symptoms, root causes, and corrective field procedures. Symptom Probable Cause Diagnostic Step Corrective Action System halts abruptly with ERR_102 Line pressure exceeded upper safety trip point Check historical trend graphs for pressure spikes above 8.0 bar Inspect downstream control valves for blockages; verify valve V-102 opening speed Communication Failure / Dropped Frames"
126,E.pdf,2,355ae0c7-e9ed-433e-8e27-a8bd7140064d,I.pdf,2,49527977-1189-487c-9c96-3be3fa2ec9fa,0.098337,0.221622,0.250000,0.000000,0.147318,0,,,MODEL_NUMBER|QUANTITY,DATE|QUANTITY|VOLTAGE,"Enclosure Rating NEMA 4X / IP66 Maximum Vibration 2.5 g RMS (10 Hz – 500 Hz) Maximum Altitude 2,000 meters (6,560 feet) above sea level 2.2 Mechanical Installation 1.​ Secure the mounting bracket to a flat, vertical structural surface using four (4) M6 hex bolts torque-rated to 8.5 N·m. 2.​ Align the mounting tabs on the rear enclosure of the XR-500 with the bracket slots. 3.​ Slide the unit down until the latch mechanism engages with a distinct click. 4.​ Verify clear space around the unit housing: minimum 100 mm top/bottom and 50 mm left/right for thermal dissipation. 3. Electrical & Power Wiring 3.1 Power Supply Specifications The XR-500 contains an auto-sensing internal power supply module designed to accommodate wide input ranges.","●​ Full Valve & Seal Replacement Overhaul: Every 24 Months or 10,000 Operating Hours 2.2 Fuse & Electrical Component Replacement If primary power does not initiate, verify incoming lines before replacing internal components: 1.​ Isolate incoming DC power. 2.​ Open lower terminal housing panel. 3.​ Inspect main fuse F1 (5 A, 250 V, Fast-Acting Ceramic 5x20 mm). 4.​ Replace only with identical rated fuse (Part No. FUS-5A-FA). 3. Diagnostic Procedures 3.1 Network Communication Test Procedure 1.​ Connect laptop directly to Port ETH1 using a standard Cat6 Ethernet patch cable. 2.​ Configure workstation static IP to 192.168.1.150, Subnet 255.255.255.0. 3.​ Open terminal console and issue ping test: ping 192.168.1.100 -n 10."
127,H.pdf,1,9d2908ba-a3cf-4853-a950-d7c4fc077a6e,F.pdf,2,b733a4e5-dbeb-49c1-b5a9-3399a59e936e,0.045827,0.260798,0.250000,0.000000,0.146719,0,,,DATE|MODEL_NUMBER|QUANTITY,DATE|TEMPERATURE,"XR-500 Industrial Controller Safety & Standard Operating Procedure (SOP) Document ID: SOP-XR500-SAF-002 Effective Date: January 15, 2026 Revision: Rev 4 1. Safety Requirements & Compliance 1.1 Personal Protective Equipment (PPE) All operators and maintenance technicians working within 2 meters of the XR-500 controlled process skid must wear the following mandatory safety gear: ●​ Safety Glasses with side shields (ANSI Z87.1 approved) ●​ Steel-toe work boots (ASTM F2413) ●​ Heat-resistant and chemical-resistant gloves (EN 374 compliant) 1.2 Interlock & Safety Systems The XR-500 is equipped with redundant dual-channel safety circuits. Under no circumstances should safety interlocks, enclosure door microswitches, or pressure relief valves be bypassed or jumpered.","2.2 Normal Shutdown Procedure 1.​ Disengage automatic sequence control on the supervisory workstation. 2.​ Issue the CMD_STOP command or hold the front panel STOP button for 3 seconds. 3.​ Allow the recirculation pump to run in flush mode for 120 seconds to cool internal drive elements. 4.​ Once fluid temperature drops below 35°C, close main inlet valves V-101 and V-102. 3. Preventive Maintenance Schedules 3.1 Periodic Maintenance Table To maintain operational integrity and system compliance, perform scheduled maintenance tasks strictly according to the intervals listed below. 1.​ +------------------+-----------------------------------------------+---------------+ 2.​ | Interval | Task Description | Responsible |"
128,I.pdf,2,73fb8999-5eb8-4d44-b107-54cc7964bc12,G.pdf,3,edbcec2a-9ca5-43d8-82e5-91dc80d361bb,0.029797,0.384354,0.000000,0.000000,0.146710,0,,,DATE,VOLTAGE,"Erratic Flow Measurements Air trapped in flow transducer or corrupted calibration Verify actual volumetric flow rate with external reference meter Perform zero-point calibration sequence; clean internal sensor body 2. Service & Maintenance Limits 2.1 Major Maintenance Intervals & Service Limits Component wear items must be replaced based on run-hours or calendar time—whichever occurs first—to avoid unexpected system downtime. ●​ Air Filter Replacement: Every 6 Months or 2,000 Operating Hours ●​ System Backup Battery Replacement: Every 36 Months or upon low-voltage alarm (ERR_301) ●​ Complete System Preventive Maintenance (PM) Cycle: Every 6 Months ●​ Full Valve & Seal Replacement Overhaul: Every 24 Months or 10,000 Operating Hours","●​ Payload: JSON 13.​{ 14.​ ""parameter"": ""FLOW_TARGET"", 15.​ ""value"": 110.0 16.​} ●​ Response: 200 OK on success, 400 Bad Request if value exceeds range. 4. Error Codes & Fault Diagnostics Error Code Hex Code Description Recommended Action ERR_101 0x0065 Supply Voltage Low (< 18.0 VDC) Check DC power supply output voltage. ERR_102 0x0066 Over-Pressure Limit Triggered Verify discharge line valves and reset register PRESS_MAX_LIMIT. ERR_204 0x00CC Comm Timeout Limit Exceeded Inspect cabling; confirm client matches COM_TIMEOUT setting. 17.​"
129,H.pdf,2,c04bec4a-b16c-4e2d-893d-8cd2f8e3bed0,I.pdf,2,49527977-1189-487c-9c96-3be3fa2ec9fa,0.070816,0.261246,0.200000,0.000000,0.145877,0,,,FLOW_RATE|TEMPERATURE|VOLTAGE,DATE|QUANTITY|VOLTAGE,"7.​ Maximum Line Flow Rate 180.0 L/min Pump Drive Overload Trip 8.​ Ambient Operating Temp -10°C to 40°C System Thermal Lockout 9.​ Maximum Supply Voltage 30.0 VDC Power Board Overvoltage Shutdown 10.​=================================================================== ============ 2.2 Prohibited Actions ●​ NEVER attempt to modify electrical wiring without disabling incoming DC breaker. ●​ NEVER operate the controller in environments where ambient temperature exceeds 40°C. ●​ NEVER clear fault logs while the process skid is active in AUTO mode. 3. Emergency Shutdown Procedure (E-STOP) In the event of fluid leaks, abnormal noise, smoke, or uncontrolled parameter runaway:","●​ Full Valve & Seal Replacement Overhaul: Every 24 Months or 10,000 Operating Hours 2.2 Fuse & Electrical Component Replacement If primary power does not initiate, verify incoming lines before replacing internal components: 1.​ Isolate incoming DC power. 2.​ Open lower terminal housing panel. 3.​ Inspect main fuse F1 (5 A, 250 V, Fast-Acting Ceramic 5x20 mm). 4.​ Replace only with identical rated fuse (Part No. FUS-5A-FA). 3. Diagnostic Procedures 3.1 Network Communication Test Procedure 1.​ Connect laptop directly to Port ETH1 using a standard Cat6 Ethernet patch cable. 2.​ Configure workstation static IP to 192.168.1.150, Subnet 255.255.255.0. 3.​ Open terminal console and issue ping test: ping 192.168.1.100 -n 10."
130,I.pdf,2,6a026bc6-ef58-41a7-a723-d51f2969ad1b,G.pdf,3,edbcec2a-9ca5-43d8-82e5-91dc80d361bb,0.046759,0.365452,0.000000,0.000000,0.144655,0,,,PERCENT,VOLTAGE,"3.​ Open terminal console and issue ping test: ping 192.168.1.100 -n 10. 4.​ If packet loss exceeds 0%, inspect cable terminations and verify NET_TIMEOUT_MS register is set to standard default of 3000 ms. 5.​ If communication remains unresponsive, press and hold the internal REBOOT pinhole button for 5 seconds to restore factory network parameters. 1.​","●​ Payload: JSON 13.​{ 14.​ ""parameter"": ""FLOW_TARGET"", 15.​ ""value"": 110.0 16.​} ●​ Response: 200 OK on success, 400 Bad Request if value exceeds range. 4. Error Codes & Fault Diagnostics Error Code Hex Code Description Recommended Action ERR_101 0x0065 Supply Voltage Low (< 18.0 VDC) Check DC power supply output voltage. ERR_102 0x0066 Over-Pressure Limit Triggered Verify discharge line valves and reset register PRESS_MAX_LIMIT. ERR_204 0x00CC Comm Timeout Limit Exceeded Inspect cabling; confirm client matches COM_TIMEOUT setting. 17.​"
131,E.pdf,1,f325c245-d303-4f0e-981f-72a11053f0e0,I.pdf,1,92a7f8ae-2570-41a5-ade1-fcc4fc89dafd,0.050077,0.358355,0.000000,0.000000,0.143029,0,,,MODEL_NUMBER,DATE|TEMPERATURE,"XR-500 Industrial Controller Installation & Commissioning Guide Document ID: DOC-XR500-INS-v2.1 Target Model: XR-500-A1 / XR-500-B1 1. General Overview & Safety Precautions 1.1 Safety Overview The XR-500 Industrial Controller is a high-reliability control unit designed for heavy manufacturing, process control, and automated fluid management systems. Standard electrical and industrial safety procedures must be observed at all times during installation and commissioning. ●​ Qualified Personnel: Only certified control technicians or licensed electricians should perform electrical wiring and physical mounting. ●​ Isolation: Always verify main incoming power feeds are de-energized, locked out, and tagged out (LOTO) prior to terminal connection.",blockages; verify valve V-102 opening speed Communication Failure / Dropped Frames Network packet dropping or timeout settings too aggressive Ping controller IP; check diagnostic register 40033 Ensure client retry timeout is set to at least 3000 ms with 3 retry attempts Unexpected Thermal Shutdown High internal or cabinet ambient temperature Check internal temperature sensor reading vs external ambient Ensure ambient temperature does not exceed maximum installation threshold of 55°C
132,E.pdf,2,a933003d-a35e-4634-9b7f-89af44bf33cb,G.pdf,3,edbcec2a-9ca5-43d8-82e5-91dc80d361bb,0.068698,0.343398,0.000000,0.000000,0.142859,0,,,,VOLTAGE,2.​ Confirm that analog and digital expansion module ribbon cables are fully seated. 3.​ Verify line pressure on connected fluid lines is reduced to ambient prior to initial power-up.,"●​ Payload: JSON 13.​{ 14.​ ""parameter"": ""FLOW_TARGET"", 15.​ ""value"": 110.0 16.​} ●​ Response: 200 OK on success, 400 Bad Request if value exceeds range. 4. Error Codes & Fault Diagnostics Error Code Hex Code Description Recommended Action ERR_101 0x0065 Supply Voltage Low (< 18.0 VDC) Check DC power supply output voltage. ERR_102 0x0066 Over-Pressure Limit Triggered Verify discharge line valves and reset register PRESS_MAX_LIMIT. ERR_204 0x00CC Comm Timeout Limit Exceeded Inspect cabling; confirm client matches COM_TIMEOUT setting. 17.​"
133,E.pdf,1,f325c245-d303-4f0e-981f-72a11053f0e0,G.pdf,2,c7a714d5-13f8-41d3-a3a8-d40a3a1bbdc1,0.031642,0.223944,0.333333,0.000000,0.142813,0,,,MODEL_NUMBER,DATE|MODEL_NUMBER|TEMPERATURE,"XR-500 Industrial Controller Installation & Commissioning Guide Document ID: DOC-XR500-INS-v2.1 Target Model: XR-500-A1 / XR-500-B1 1. General Overview & Safety Precautions 1.1 Safety Overview The XR-500 Industrial Controller is a high-reliability control unit designed for heavy manufacturing, process control, and automated fluid management systems. Standard electrical and industrial safety procedures must be observed at all times during installation and commissioning. ●​ Qualified Personnel: Only certified control technicians or licensed electricians should perform electrical wiring and physical mounting. ●​ Isolation: Always verify main incoming power feeds are de-energized, locked out, and tagged out (LOTO) prior to terminal connection.","40012 FLOW_TARGET FLOAT3 2 80.0 0.0 – 180.0 L/mi n Operational target flow rate 40020 TEMP_TRIP_SET FLOAT3 2 60.0 20.0 – 75.0 °C Upper temperature emergency shutdown threshold 40033 COM_TIMEOUT UINT16 5000 1000 – 30000 ms API communicatio n keep-alive timeout 3. REST API Interface Examples 3.1 Get System Status ●​ Request Endpoint: GET /api/v2/system/status ●​ Headers: Authorization: Bearer <token> ●​ Sample JSON Response: JSON 1.​ { 2.​ ""device_id"": ""XR500-88492"", 3.​ ""firmware_version"": ""v2.4.1"", 4.​ ""system_state"": ""RUNNING"", 5.​ ""telemetry"": { 6.​ ""operating_pressure_bar"": 4.2, 7.​ ""flow_rate_lpm"": 85.0, 8.​ ""internal_temp_c"": 38.5, 9.​ ""supply_voltage_vdc"": 24.1 10.​ }, 11.​ ""status_code"": 200 12.​}"
134,E.pdf,2,b7807dc3-07ae-4788-93a6-7f720c6aed18,H.pdf,1,9d2908ba-a3cf-4853-a950-d7c4fc077a6e,0.014297,0.292771,0.200000,0.000000,0.141401,0,,,DATE|TEMPERATURE|VOLTAGE,DATE|MODEL_NUMBER|QUANTITY,wide input ranges. ●​ Primary Power Input: 24 VDC Nominal (Acceptable Range: 18.0 VDC to 32.0 VDC) ●​ Maximum Power Consumption: 45 W Peak (32 W typical) ●​ Inrush Current: < 12 A for < 5 ms ●​ Circuit Breaker Requirement: 5 A slow-blow fuse or dedicated miniature circuit breaker (MCB) 3.2 Terminal Pinouts Connect all primary power wiring to Terminal Block A (TB-A) using 16 AWG stranded copper wire rated for 90°C. ●​ TB-A Pin 1: +24 VDC Line ●​ TB-A Pin 2: DC Return (GND) ●​ TB-A Pin 3: Protective Earth (PE Chassis Ground) 4. Initial Commissioning Procedure 4.1 Pre-Power Checks 1.​ Inspect all physical wire connections for correct polarity and mechanical firmness. 2.​ Confirm that analog and digital expansion module ribbon cables are fully seated.,"XR-500 Industrial Controller Safety & Standard Operating Procedure (SOP) Document ID: SOP-XR500-SAF-002 Effective Date: January 15, 2026 Revision: Rev 4 1. Safety Requirements & Compliance 1.1 Personal Protective Equipment (PPE) All operators and maintenance technicians working within 2 meters of the XR-500 controlled process skid must wear the following mandatory safety gear: ●​ Safety Glasses with side shields (ANSI Z87.1 approved) ●​ Steel-toe work boots (ASTM F2413) ●​ Heat-resistant and chemical-resistant gloves (EN 374 compliant) 1.2 Interlock & Safety Systems The XR-500 is equipped with redundant dual-channel safety circuits. Under no circumstances should safety interlocks, enclosure door microswitches, or pressure relief valves be bypassed or jumpered."
135,E.pdf,2,355ae0c7-e9ed-433e-8e27-a8bd7140064d,F.pdf,2,493d41e5-bce7-4119-932f-6d740cc2cd63,0.063638,0.195115,0.333333,0.000000,0.141393,0,,,MODEL_NUMBER|QUANTITY,MODEL_NUMBER|VOLTAGE,"Enclosure Rating NEMA 4X / IP66 Maximum Vibration 2.5 g RMS (10 Hz – 500 Hz) Maximum Altitude 2,000 meters (6,560 feet) above sea level 2.2 Mechanical Installation 1.​ Secure the mounting bracket to a flat, vertical structural surface using four (4) M6 hex bolts torque-rated to 8.5 N·m. 2.​ Align the mounting tabs on the rear enclosure of the XR-500 with the bracket slots. 3.​ Slide the unit down until the latch mechanism engages with a distinct click. 4.​ Verify clear space around the unit housing: minimum 100 mm top/bottom and 50 mm left/right for thermal dissipation. 3. Electrical & Power Wiring 3.1 Power Supply Specifications The XR-500 contains an auto-sensing internal power supply module designed to accommodate wide input ranges.","3.2 Air Filter Replacement 1.​ Disconnect incoming 24 VDC power supply. 2.​ Remove the front enclosure filter cover by unscrewing the four corner thumb screws. 3.​ Remove the saturated filter element (Part No. FLT-XR500-A). 4.​ Insert the new filter element, ensuring airflow direction arrows point inward toward the heatsink assembly. 5.​ Re-secure cover thumb screws hand-tight. 10.​"
136,G.pdf,2,c7a714d5-13f8-41d3-a3a8-d40a3a1bbdc1,F.pdf,1,d58b93a3-02fc-4970-b004-0134b0641aba,0.030543,0.367752,0.000000,0.000000,0.140943,0,,,DATE|MODEL_NUMBER|TEMPERATURE,PERCENT|PRESSURE,"40012 FLOW_TARGET FLOAT3 2 80.0 0.0 – 180.0 L/mi n Operational target flow rate 40020 TEMP_TRIP_SET FLOAT3 2 60.0 20.0 – 75.0 °C Upper temperature emergency shutdown threshold 40033 COM_TIMEOUT UINT16 5000 1000 – 30000 ms API communicatio n keep-alive timeout 3. REST API Interface Examples 3.1 Get System Status ●​ Request Endpoint: GET /api/v2/system/status ●​ Headers: Authorization: Bearer <token> ●​ Sample JSON Response: JSON 1.​ { 2.​ ""device_id"": ""XR500-88492"", 3.​ ""firmware_version"": ""v2.4.1"", 4.​ ""system_state"": ""RUNNING"", 5.​ ""telemetry"": { 6.​ ""operating_pressure_bar"": 4.2, 7.​ ""flow_rate_lpm"": 85.0, 8.​ ""internal_temp_c"": 38.5, 9.​ ""supply_voltage_vdc"": 24.1 10.​ }, 11.​ ""status_code"": 200 12.​}",Continuous (24/7) 100% Load — 2. Normal Operating Procedures 2.1 System Startup 1.​ Ensure the main electrical disconnect switch is placed in the ON position. 2.​ Verify system boot completion via the HMI display reading: STATUS: READY. 3.​ Press the blue RUN button on the control panel door or issue the CMD_START command viaModbus/TCP. 4.​ Verify system pressure stabilizes between 2.5 bar and 4.0 bar within 30 seconds of pump engagement.
137,E.pdf,1,f325c245-d303-4f0e-981f-72a11053f0e0,G.pdf,1,56ef5443-1bc1-40c6-83bf-b7d3270d7686,0.027206,0.369865,0.000000,0.000000,0.140769,0,,,MODEL_NUMBER,DATE|PRESSURE,"XR-500 Industrial Controller Installation & Commissioning Guide Document ID: DOC-XR500-INS-v2.1 Target Model: XR-500-A1 / XR-500-B1 1. General Overview & Safety Precautions 1.1 Safety Overview The XR-500 Industrial Controller is a high-reliability control unit designed for heavy manufacturing, process control, and automated fluid management systems. Standard electrical and industrial safety procedures must be observed at all times during installation and commissioning. ●​ Qualified Personnel: Only certified control technicians or licensed electricians should perform electrical wiring and physical mounting. ●​ Isolation: Always verify main incoming power feeds are de-energized, locked out, and tagged out (LOTO) prior to terminal connection.","2. System Configuration Parameters 2.1 Configurable Register Map The following table outlines key internal configuration parameters accessible via Modbus holding registers or REST API endpoints. Registe r Parameter Name Data Type Defaul t Value Allowe d Range Unit Description 40001 SYS_MODE UINT16 1 0 – 3 — 0=Standby, 1=Auto, 2=Manual, 3=Cal 40005 PRESS_MAX_LIM IT FLOAT3 2 8.0 1.0 – 12.0 bar High pressure trip threshold"
138,I.pdf,2,73fb8999-5eb8-4d44-b107-54cc7964bc12,F.pdf,2,493d41e5-bce7-4119-932f-6d740cc2cd63,0.099101,0.313751,0.000000,0.000000,0.140699,0,,,DATE,MODEL_NUMBER|VOLTAGE,"Erratic Flow Measurements Air trapped in flow transducer or corrupted calibration Verify actual volumetric flow rate with external reference meter Perform zero-point calibration sequence; clean internal sensor body 2. Service & Maintenance Limits 2.1 Major Maintenance Intervals & Service Limits Component wear items must be replaced based on run-hours or calendar time—whichever occurs first—to avoid unexpected system downtime. ●​ Air Filter Replacement: Every 6 Months or 2,000 Operating Hours ●​ System Backup Battery Replacement: Every 36 Months or upon low-voltage alarm (ERR_301) ●​ Complete System Preventive Maintenance (PM) Cycle: Every 6 Months ●​ Full Valve & Seal Replacement Overhaul: Every 24 Months or 10,000 Operating Hours","3.2 Air Filter Replacement 1.​ Disconnect incoming 24 VDC power supply. 2.​ Remove the front enclosure filter cover by unscrewing the four corner thumb screws. 3.​ Remove the saturated filter element (Part No. FLT-XR500-A). 4.​ Insert the new filter element, ensuring airflow direction arrows point inward toward the heatsink assembly. 5.​ Re-secure cover thumb screws hand-tight. 10.​"
139,I.pdf,2,73fb8999-5eb8-4d44-b107-54cc7964bc12,G.pdf,2,f82da7a8-0b0b-41f2-97f0-8770de3277c0,0.067697,0.334284,0.000000,0.000000,0.139297,0,,,DATE,,"Erratic Flow Measurements Air trapped in flow transducer or corrupted calibration Verify actual volumetric flow rate with external reference meter Perform zero-point calibration sequence; clean internal sensor body 2. Service & Maintenance Limits 2.1 Major Maintenance Intervals & Service Limits Component wear items must be replaced based on run-hours or calendar time—whichever occurs first—to avoid unexpected system downtime. ●​ Air Filter Replacement: Every 6 Months or 2,000 Operating Hours ●​ System Backup Battery Replacement: Every 36 Months or upon low-voltage alarm (ERR_301) ●​ Complete System Preventive Maintenance (PM) Cycle: Every 6 Months ●​ Full Valve & Seal Replacement Overhaul: Every 24 Months or 10,000 Operating Hours","9.​ ""supply_voltage_vdc"": 24.1 10.​ }, 11.​ ""status_code"": 200 12.​} 3.2 Update Target Flow Rate ●​ Request Endpoint: POST /api/v2/config/parameters"
140,H.pdf,1,9d2908ba-a3cf-4853-a950-d7c4fc077a6e,G.pdf,2,c7a714d5-13f8-41d3-a3a8-d40a3a1bbdc1,0.005956,0.158209,0.500000,0.000000,0.138623,0,,,DATE|MODEL_NUMBER|QUANTITY,DATE|MODEL_NUMBER|TEMPERATURE,"XR-500 Industrial Controller Safety & Standard Operating Procedure (SOP) Document ID: SOP-XR500-SAF-002 Effective Date: January 15, 2026 Revision: Rev 4 1. Safety Requirements & Compliance 1.1 Personal Protective Equipment (PPE) All operators and maintenance technicians working within 2 meters of the XR-500 controlled process skid must wear the following mandatory safety gear: ●​ Safety Glasses with side shields (ANSI Z87.1 approved) ●​ Steel-toe work boots (ASTM F2413) ●​ Heat-resistant and chemical-resistant gloves (EN 374 compliant) 1.2 Interlock & Safety Systems The XR-500 is equipped with redundant dual-channel safety circuits. Under no circumstances should safety interlocks, enclosure door microswitches, or pressure relief valves be bypassed or jumpered.","40012 FLOW_TARGET FLOAT3 2 80.0 0.0 – 180.0 L/mi n Operational target flow rate 40020 TEMP_TRIP_SET FLOAT3 2 60.0 20.0 – 75.0 °C Upper temperature emergency shutdown threshold 40033 COM_TIMEOUT UINT16 5000 1000 – 30000 ms API communicatio n keep-alive timeout 3. REST API Interface Examples 3.1 Get System Status ●​ Request Endpoint: GET /api/v2/system/status ●​ Headers: Authorization: Bearer <token> ●​ Sample JSON Response: JSON 1.​ { 2.​ ""device_id"": ""XR500-88492"", 3.​ ""firmware_version"": ""v2.4.1"", 4.​ ""system_state"": ""RUNNING"", 5.​ ""telemetry"": { 6.​ ""operating_pressure_bar"": 4.2, 7.​ ""flow_rate_lpm"": 85.0, 8.​ ""internal_temp_c"": 38.5, 9.​ ""supply_voltage_vdc"": 24.1 10.​ }, 11.​ ""status_code"": 200 12.​}"
141,E.pdf,2,355ae0c7-e9ed-433e-8e27-a8bd7140064d,H.pdf,2,c04bec4a-b16c-4e2d-893d-8cd2f8e3bed0,0.106407,0.301119,0.000000,0.000000,0.138197,0,,,MODEL_NUMBER|QUANTITY,FLOW_RATE|TEMPERATURE|VOLTAGE,"Enclosure Rating NEMA 4X / IP66 Maximum Vibration 2.5 g RMS (10 Hz – 500 Hz) Maximum Altitude 2,000 meters (6,560 feet) above sea level 2.2 Mechanical Installation 1.​ Secure the mounting bracket to a flat, vertical structural surface using four (4) M6 hex bolts torque-rated to 8.5 N·m. 2.​ Align the mounting tabs on the rear enclosure of the XR-500 with the bracket slots. 3.​ Slide the unit down until the latch mechanism engages with a distinct click. 4.​ Verify clear space around the unit housing: minimum 100 mm top/bottom and 50 mm left/right for thermal dissipation. 3. Electrical & Power Wiring 3.1 Power Supply Specifications The XR-500 contains an auto-sensing internal power supply module designed to accommodate wide input ranges.","7.​ Maximum Line Flow Rate 180.0 L/min Pump Drive Overload Trip 8.​ Ambient Operating Temp -10°C to 40°C System Thermal Lockout 9.​ Maximum Supply Voltage 30.0 VDC Power Board Overvoltage Shutdown 10.​=================================================================== ============ 2.2 Prohibited Actions ●​ NEVER attempt to modify electrical wiring without disabling incoming DC breaker. ●​ NEVER operate the controller in environments where ambient temperature exceeds 40°C. ●​ NEVER clear fault logs while the process skid is active in AUTO mode. 3. Emergency Shutdown Procedure (E-STOP) In the event of fluid leaks, abnormal noise, smoke, or uncontrolled parameter runaway:"
142,I.pdf,2,73fb8999-5eb8-4d44-b107-54cc7964bc12,F.pdf,1,d58b93a3-02fc-4970-b004-0134b0641aba,0.042580,0.349096,0.000000,0.000000,0.137597,0,,,DATE,PERCENT|PRESSURE,"Erratic Flow Measurements Air trapped in flow transducer or corrupted calibration Verify actual volumetric flow rate with external reference meter Perform zero-point calibration sequence; clean internal sensor body 2. Service & Maintenance Limits 2.1 Major Maintenance Intervals & Service Limits Component wear items must be replaced based on run-hours or calendar time—whichever occurs first—to avoid unexpected system downtime. ●​ Air Filter Replacement: Every 6 Months or 2,000 Operating Hours ●​ System Backup Battery Replacement: Every 36 Months or upon low-voltage alarm (ERR_301) ●​ Complete System Preventive Maintenance (PM) Cycle: Every 6 Months ●​ Full Valve & Seal Replacement Overhaul: Every 24 Months or 10,000 Operating Hours",Continuous (24/7) 100% Load — 2. Normal Operating Procedures 2.1 System Startup 1.​ Ensure the main electrical disconnect switch is placed in the ON position. 2.​ Verify system boot completion via the HMI display reading: STATUS: READY. 3.​ Press the blue RUN button on the control panel door or issue the CMD_START command viaModbus/TCP. 4.​ Verify system pressure stabilizes between 2.5 bar and 4.0 bar within 30 seconds of pump engagement.
143,H.pdf,2,c04bec4a-b16c-4e2d-893d-8cd2f8e3bed0,G.pdf,2,f82da7a8-0b0b-41f2-97f0-8770de3277c0,0.057238,0.337363,0.000000,0.000000,0.137477,0,,,FLOW_RATE|TEMPERATURE|VOLTAGE,,"7.​ Maximum Line Flow Rate 180.0 L/min Pump Drive Overload Trip 8.​ Ambient Operating Temp -10°C to 40°C System Thermal Lockout 9.​ Maximum Supply Voltage 30.0 VDC Power Board Overvoltage Shutdown 10.​=================================================================== ============ 2.2 Prohibited Actions ●​ NEVER attempt to modify electrical wiring without disabling incoming DC breaker. ●​ NEVER operate the controller in environments where ambient temperature exceeds 40°C. ●​ NEVER clear fault logs while the process skid is active in AUTO mode. 3. Emergency Shutdown Procedure (E-STOP) In the event of fluid leaks, abnormal noise, smoke, or uncontrolled parameter runaway:","9.​ ""supply_voltage_vdc"": 24.1 10.​ }, 11.​ ""status_code"": 200 12.​} 3.2 Update Target Flow Rate ●​ Request Endpoint: POST /api/v2/config/parameters"
144,G.pdf,2,f82da7a8-0b0b-41f2-97f0-8770de3277c0,F.pdf,1,26814e5b-dadd-430e-8308-ff247ffb400b,0.110863,0.290960,0.000000,0.000000,0.135787,0,,,,FLOW_RATE|MODEL_NUMBER|PERCENT|PRESSURE|TEMPERATURE|VOLTAGE,"9.​ ""supply_voltage_vdc"": 24.1 10.​ }, 11.​ ""status_code"": 200 12.​} 3.2 Update Target Flow Rate ●​ Request Endpoint: POST /api/v2/config/parameters","XR-500 Industrial Controller Operations & Maintenance Manual Document ID: DOC-XR500-OMM-v3.0 Target Model: XR-500 Series Control Systems 1. System Operational Limits & Parameters 1.1 Operating Envelope The XR-500 system maintains automatic supervisory oversight of process variables. Operating outside defined envelope parameters triggers automatic warnings, throttling, or emergency trips. Parameter Normal Range Maximum Limit Units Process Fluid Pressure 1.0 – 6.5 8.0 bar Volumetric Flow Rate 10 – 120 150 L/min Operating Temperature -10 to 45 50 °C Input Supply Voltage 20.0 – 28.0 32.0 VDC System Duty Cycle Continuous (24/7) 100% Load — 2. Normal Operating Procedures 2.1 System Startup"
145,H.pdf,1,a38693a6-7010-43f9-93cb-57ac82ab6ae0,G.pdf,2,c7a714d5-13f8-41d3-a3a8-d40a3a1bbdc1,0.019413,0.361277,0.000000,0.000000,0.135495,0,,,PRESSURE,DATE|MODEL_NUMBER|TEMPERATURE,"jumpered. 2. Operational Safety Limits & Prohibited Conditions 2.1 Critical Safety Thresholds To prevent catastrophic mechanical failure or fluid line rupture, the unit MUST NOT be operated outside the strict safety limits defined below. 1.​ =================================================================== ============ 2.​ CRITICAL SAFETY OPERATING BOUNDARIES 3.​ =================================================================== ============ 4.​ Parameter Absolute Safety Limit Action On Exceedance 5.​ ------------------------------------------------------------------------------- 6.​ Maximum System Pressure 10.5 bar Immediate Pressure Relief Valve trip","40012 FLOW_TARGET FLOAT3 2 80.0 0.0 – 180.0 L/mi n Operational target flow rate 40020 TEMP_TRIP_SET FLOAT3 2 60.0 20.0 – 75.0 °C Upper temperature emergency shutdown threshold 40033 COM_TIMEOUT UINT16 5000 1000 – 30000 ms API communicatio n keep-alive timeout 3. REST API Interface Examples 3.1 Get System Status ●​ Request Endpoint: GET /api/v2/system/status ●​ Headers: Authorization: Bearer <token> ●​ Sample JSON Response: JSON 1.​ { 2.​ ""device_id"": ""XR500-88492"", 3.​ ""firmware_version"": ""v2.4.1"", 4.​ ""system_state"": ""RUNNING"", 5.​ ""telemetry"": { 6.​ ""operating_pressure_bar"": 4.2, 7.​ ""flow_rate_lpm"": 85.0, 8.​ ""internal_temp_c"": 38.5, 9.​ ""supply_voltage_vdc"": 24.1 10.​ }, 11.​ ""status_code"": 200 12.​}"
146,H.pdf,2,77fb0e52-48b0-4c2a-9aa2-5f9f05af5a77,G.pdf,2,c7a714d5-13f8-41d3-a3a8-d40a3a1bbdc1,0.016253,0.251750,0.250000,0.000000,0.135181,0,,,DATE|PRESSURE,DATE|MODEL_NUMBER|TEMPERATURE,"In the event of fluid leaks, abnormal noise, smoke, or uncontrolled parameter runaway: 1.​ Press the nearest Physical Emergency Stop (E-Stop) Button located on the front cabinet door or remote panel station. 2.​ The controller automatically drops the main isolation contactor within < 50 ms, removing power from all connected actuator solenoids and motor drives. 3.​ Close manual fluid isolation valves V-101 (Inlet) and V-102 (Outlet). 4.​ Verify system pressure gauge indicates 0.0 bar before approaching the fluid manifold assembly. 5.​ Notify the Area Safety Supervisor and file an Incident Log Report. 4. Routine Safety Inspection Procedure Perform weekly safety checks according to the following checklist:","40012 FLOW_TARGET FLOAT3 2 80.0 0.0 – 180.0 L/mi n Operational target flow rate 40020 TEMP_TRIP_SET FLOAT3 2 60.0 20.0 – 75.0 °C Upper temperature emergency shutdown threshold 40033 COM_TIMEOUT UINT16 5000 1000 – 30000 ms API communicatio n keep-alive timeout 3. REST API Interface Examples 3.1 Get System Status ●​ Request Endpoint: GET /api/v2/system/status ●​ Headers: Authorization: Bearer <token> ●​ Sample JSON Response: JSON 1.​ { 2.​ ""device_id"": ""XR500-88492"", 3.​ ""firmware_version"": ""v2.4.1"", 4.​ ""system_state"": ""RUNNING"", 5.​ ""telemetry"": { 6.​ ""operating_pressure_bar"": 4.2, 7.​ ""flow_rate_lpm"": 85.0, 8.​ ""internal_temp_c"": 38.5, 9.​ ""supply_voltage_vdc"": 24.1 10.​ }, 11.​ ""status_code"": 200 12.​}"
147,I.pdf,1,c89e2dfd-f1ac-4742-b282-2ec9c7b87886,F.pdf,2,b733a4e5-dbeb-49c1-b5a9-3399a59e936e,0.043469,0.341098,0.000000,0.000000,0.134967,0,,,MODEL_NUMBER|PRESSURE,DATE|TEMPERATURE,"XR-500 Industrial Controller Troubleshooting & Service Guide Document ID: DOC-XR500-TSG-v1.2 Target Audience: Field Service Engineers & Maintenance Personnel 1. Fault Isolation & Diagnostic Flow 1.1 General Fault Resolution Matrix When an anomaly occurs, the XR-500 onboard controller logs diagnostic codes to the system event log. Refer to the matrix below for common fault symptoms, root causes, and corrective field procedures. Symptom Probable Cause Diagnostic Step Corrective Action System halts abruptly with ERR_102 Line pressure exceeded upper safety trip point Check historical trend graphs for pressure spikes above 8.0 bar Inspect downstream control valves for blockages; verify valve V-102 opening speed Communication Failure / Dropped Frames","2.2 Normal Shutdown Procedure 1.​ Disengage automatic sequence control on the supervisory workstation. 2.​ Issue the CMD_STOP command or hold the front panel STOP button for 3 seconds. 3.​ Allow the recirculation pump to run in flush mode for 120 seconds to cool internal drive elements. 4.​ Once fluid temperature drops below 35°C, close main inlet valves V-101 and V-102. 3. Preventive Maintenance Schedules 3.1 Periodic Maintenance Table To maintain operational integrity and system compliance, perform scheduled maintenance tasks strictly according to the intervals listed below. 1.​ +------------------+-----------------------------------------------+---------------+ 2.​ | Interval | Task Description | Responsible |"
148,E.pdf,1,f325c245-d303-4f0e-981f-72a11053f0e0,F.pdf,2,b733a4e5-dbeb-49c1-b5a9-3399a59e936e,0.046555,0.337636,0.000000,0.000000,0.134585,0,,,MODEL_NUMBER,DATE|TEMPERATURE,"XR-500 Industrial Controller Installation & Commissioning Guide Document ID: DOC-XR500-INS-v2.1 Target Model: XR-500-A1 / XR-500-B1 1. General Overview & Safety Precautions 1.1 Safety Overview The XR-500 Industrial Controller is a high-reliability control unit designed for heavy manufacturing, process control, and automated fluid management systems. Standard electrical and industrial safety procedures must be observed at all times during installation and commissioning. ●​ Qualified Personnel: Only certified control technicians or licensed electricians should perform electrical wiring and physical mounting. ●​ Isolation: Always verify main incoming power feeds are de-energized, locked out, and tagged out (LOTO) prior to terminal connection.","2.2 Normal Shutdown Procedure 1.​ Disengage automatic sequence control on the supervisory workstation. 2.​ Issue the CMD_STOP command or hold the front panel STOP button for 3 seconds. 3.​ Allow the recirculation pump to run in flush mode for 120 seconds to cool internal drive elements. 4.​ Once fluid temperature drops below 35°C, close main inlet valves V-101 and V-102. 3. Preventive Maintenance Schedules 3.1 Periodic Maintenance Table To maintain operational integrity and system compliance, perform scheduled maintenance tasks strictly according to the intervals listed below. 1.​ +------------------+-----------------------------------------------+---------------+ 2.​ | Interval | Task Description | Responsible |"
149,G.pdf,1,e42eff19-3994-404b-9c30-514883ebf634,F.pdf,2,cb5e5c0c-c015-4dca-8e80-14a38fcde0e2,0.000000,0.224636,0.333333,0.000000,0.134202,0,,,MODEL_NUMBER,DATE|MODEL_NUMBER|QUANTITY,"XR-500 Industrial Controller Configuration & API Reference Document ID: DOC-XR500-API-v1.4 Protocol Version: REST API v2 / Modbus-TCP v1.1 1. Communication Settings & Interface Protocols 1.1 Network Configuration The XR-500 system provides dual Ethernet interfaces (ETH1, ETH2) supporting standard industrial communications including Modbus/TCP, EtherNet/IP, and a native RESTful JSON API. ●​ Default Interface (ETH1): Static IP 192.168.1.100 ●​ Default Port Settings: ○​ Web GUI / REST API: Port 80 / 443 ○​ Modbus/TCP: Port 502 ●​ Network Timeout Setting: ○​ Parameter NET_TIMEOUT_MS: Default 3000 ms (Allowed Range: 500 – 10000 ms) ○​ Network Retry Attempts (NET_RETRY_CNT): Default 3 (Allowed Range: 1 – 5) 2. System Configuration Parameters 2.1 Configurable Register Map","2.​ | Interval | Task Description | Responsible | 3.​ +------------------+-----------------------------------------------+---------------+ 4.​ | Daily | Visual inspection of status LEDs and display | Operator | 5.​ | Monthly | Check pressure sensor calibration zero-points | Maintenance | 6.​ | Every 6 Months | Clean/replace internal panel air filter | Maintenance | 7.​ | Every 1,000 Hrs | Replace internal system battery (CR2032) | Lead Tech | 8.​ | Every 12 Months | Full physical seal and valve diaphragm overhaul | Certified Tech| 9.​ +------------------+-----------------------------------------------+---------------+ 3.2 Air Filter Replacement"
150,H.pdf,2,72d9c05a-a594-4f5a-a052-4ebd0455683d,I.pdf,2,6a026bc6-ef58-41a7-a723-d51f2969ad1b,0.106943,0.288243,0.000000,0.000000,0.133711,0,,,DATE|TEMPERATURE,PERCENT,Perform weekly safety checks according to the following checklist: 1.​ Test Emergency Stop button responsiveness while operating in low-flow test mode. 2.​ Check enclosure door gaskets for signs of degradation or moisture intrusion. 3.​ Inspect ground bonding strap for tightness and freedom from corrosion. 4.​ Verify ambient enclosure temperature reading on HMI panel remains below 40°C during peak operation. 11.​,"3.​ Open terminal console and issue ping test: ping 192.168.1.100 -n 10. 4.​ If packet loss exceeds 0%, inspect cable terminations and verify NET_TIMEOUT_MS register is set to standard default of 3000 ms. 5.​ If communication remains unresponsive, press and hold the internal REBOOT pinhole button for 5 seconds to restore factory network parameters. 1.​"
151,E.pdf,1,f325c245-d303-4f0e-981f-72a11053f0e0,F.pdf,2,493d41e5-bce7-4119-932f-6d740cc2cd63,0.025494,0.128969,0.500000,0.000000,0.133567,0,,,MODEL_NUMBER,MODEL_NUMBER|VOLTAGE,"XR-500 Industrial Controller Installation & Commissioning Guide Document ID: DOC-XR500-INS-v2.1 Target Model: XR-500-A1 / XR-500-B1 1. General Overview & Safety Precautions 1.1 Safety Overview The XR-500 Industrial Controller is a high-reliability control unit designed for heavy manufacturing, process control, and automated fluid management systems. Standard electrical and industrial safety procedures must be observed at all times during installation and commissioning. ●​ Qualified Personnel: Only certified control technicians or licensed electricians should perform electrical wiring and physical mounting. ●​ Isolation: Always verify main incoming power feeds are de-energized, locked out, and tagged out (LOTO) prior to terminal connection.","3.2 Air Filter Replacement 1.​ Disconnect incoming 24 VDC power supply. 2.​ Remove the front enclosure filter cover by unscrewing the four corner thumb screws. 3.​ Remove the saturated filter element (Part No. FLT-XR500-A). 4.​ Insert the new filter element, ensuring airflow direction arrows point inward toward the heatsink assembly. 5.​ Re-secure cover thumb screws hand-tight. 10.​"
152,E.pdf,3,9a914e1d-6b14-4390-8b34-12d11b581ae2,I.pdf,1,92a7f8ae-2570-41a5-ade1-fcc4fc89dafd,0.023236,0.350091,0.000000,0.000000,0.132539,0,,,VOLTAGE,DATE|TEMPERATURE,4.2 Initial Power-Up Sequence 1.​ Apply 24 VDC power to TB-A. 2.​ Observe the front panel diagnostic LEDs: ○​ POWER LED: Solid Green within 3 seconds. ○​ STATUS LED: Blinking Amber during system bootloader execution (approx. 20 seconds). ○​ SYSTEM READY LED: Solid Green upon boot completion. 3.​ Connect an Ethernet cable from the configuration workstation to Port 1 (ETH1). 4.​ Default Factory IP Address: 192.168.1.100 (Subnet Mask: 255.255.255.0). 5.​ Open a browser and navigate to [http://192.168.1.100](http://192.168.1.100) to launch the Initial Setup Wizard.,blockages; verify valve V-102 opening speed Communication Failure / Dropped Frames Network packet dropping or timeout settings too aggressive Ping controller IP; check diagnostic register 40033 Ensure client retry timeout is set to at least 3000 ms with 3 retry attempts Unexpected Thermal Shutdown High internal or cabinet ambient temperature Check internal temperature sensor reading vs external ambient Ensure ambient temperature does not exceed maximum installation threshold of 55°C
153,H.pdf,1,a38693a6-7010-43f9-93cb-57ac82ab6ae0,I.pdf,1,92a7f8ae-2570-41a5-ade1-fcc4fc89dafd,0.041578,0.335526,0.000000,0.000000,0.132431,0,,,PRESSURE,DATE|TEMPERATURE,"jumpered. 2. Operational Safety Limits & Prohibited Conditions 2.1 Critical Safety Thresholds To prevent catastrophic mechanical failure or fluid line rupture, the unit MUST NOT be operated outside the strict safety limits defined below. 1.​ =================================================================== ============ 2.​ CRITICAL SAFETY OPERATING BOUNDARIES 3.​ =================================================================== ============ 4.​ Parameter Absolute Safety Limit Action On Exceedance 5.​ ------------------------------------------------------------------------------- 6.​ Maximum System Pressure 10.5 bar Immediate Pressure Relief Valve trip",blockages; verify valve V-102 opening speed Communication Failure / Dropped Frames Network packet dropping or timeout settings too aggressive Ping controller IP; check diagnostic register 40033 Ensure client retry timeout is set to at least 3000 ms with 3 retry attempts Unexpected Thermal Shutdown High internal or cabinet ambient temperature Check internal temperature sensor reading vs external ambient Ensure ambient temperature does not exceed maximum installation threshold of 55°C
154,H.pdf,1,a38693a6-7010-43f9-93cb-57ac82ab6ae0,G.pdf,3,edbcec2a-9ca5-43d8-82e5-91dc80d361bb,0.071465,0.309020,0.000000,0.000000,0.131257,0,,,PRESSURE,VOLTAGE,"jumpered. 2. Operational Safety Limits & Prohibited Conditions 2.1 Critical Safety Thresholds To prevent catastrophic mechanical failure or fluid line rupture, the unit MUST NOT be operated outside the strict safety limits defined below. 1.​ =================================================================== ============ 2.​ CRITICAL SAFETY OPERATING BOUNDARIES 3.​ =================================================================== ============ 4.​ Parameter Absolute Safety Limit Action On Exceedance 5.​ ------------------------------------------------------------------------------- 6.​ Maximum System Pressure 10.5 bar Immediate Pressure Relief Valve trip","●​ Payload: JSON 13.​{ 14.​ ""parameter"": ""FLOW_TARGET"", 15.​ ""value"": 110.0 16.​} ●​ Response: 200 OK on success, 400 Bad Request if value exceeds range. 4. Error Codes & Fault Diagnostics Error Code Hex Code Description Recommended Action ERR_101 0x0065 Supply Voltage Low (< 18.0 VDC) Check DC power supply output voltage. ERR_102 0x0066 Over-Pressure Limit Triggered Verify discharge line valves and reset register PRESS_MAX_LIMIT. ERR_204 0x00CC Comm Timeout Limit Exceeded Inspect cabling; confirm client matches COM_TIMEOUT setting. 17.​"
155,E.pdf,2,a933003d-a35e-4634-9b7f-89af44bf33cb,H.pdf,2,c04bec4a-b16c-4e2d-893d-8cd2f8e3bed0,0.084022,0.297498,0.000000,0.000000,0.130625,0,,,,FLOW_RATE|TEMPERATURE|VOLTAGE,2.​ Confirm that analog and digital expansion module ribbon cables are fully seated. 3.​ Verify line pressure on connected fluid lines is reduced to ambient prior to initial power-up.,"7.​ Maximum Line Flow Rate 180.0 L/min Pump Drive Overload Trip 8.​ Ambient Operating Temp -10°C to 40°C System Thermal Lockout 9.​ Maximum Supply Voltage 30.0 VDC Power Board Overvoltage Shutdown 10.​=================================================================== ============ 2.2 Prohibited Actions ●​ NEVER attempt to modify electrical wiring without disabling incoming DC breaker. ●​ NEVER operate the controller in environments where ambient temperature exceeds 40°C. ●​ NEVER clear fault logs while the process skid is active in AUTO mode. 3. Emergency Shutdown Procedure (E-STOP) In the event of fluid leaks, abnormal noise, smoke, or uncontrolled parameter runaway:"
156,H.pdf,1,9d2908ba-a3cf-4853-a950-d7c4fc077a6e,I.pdf,2,73fb8999-5eb8-4d44-b107-54cc7964bc12,0.032226,0.188894,0.333333,0.000000,0.130358,0,,,DATE|MODEL_NUMBER|QUANTITY,DATE,"XR-500 Industrial Controller Safety & Standard Operating Procedure (SOP) Document ID: SOP-XR500-SAF-002 Effective Date: January 15, 2026 Revision: Rev 4 1. Safety Requirements & Compliance 1.1 Personal Protective Equipment (PPE) All operators and maintenance technicians working within 2 meters of the XR-500 controlled process skid must wear the following mandatory safety gear: ●​ Safety Glasses with side shields (ANSI Z87.1 approved) ●​ Steel-toe work boots (ASTM F2413) ●​ Heat-resistant and chemical-resistant gloves (EN 374 compliant) 1.2 Interlock & Safety Systems The XR-500 is equipped with redundant dual-channel safety circuits. Under no circumstances should safety interlocks, enclosure door microswitches, or pressure relief valves be bypassed or jumpered.","Erratic Flow Measurements Air trapped in flow transducer or corrupted calibration Verify actual volumetric flow rate with external reference meter Perform zero-point calibration sequence; clean internal sensor body 2. Service & Maintenance Limits 2.1 Major Maintenance Intervals & Service Limits Component wear items must be replaced based on run-hours or calendar time—whichever occurs first—to avoid unexpected system downtime. ●​ Air Filter Replacement: Every 6 Months or 2,000 Operating Hours ●​ System Backup Battery Replacement: Every 36 Months or upon low-voltage alarm (ERR_301) ●​ Complete System Preventive Maintenance (PM) Cycle: Every 6 Months ●​ Full Valve & Seal Replacement Overhaul: Every 24 Months or 10,000 Operating Hours"
157,E.pdf,1,4283c023-732b-4278-afab-ed39f4de33e2,I.pdf,2,6a026bc6-ef58-41a7-a723-d51f2969ad1b,0.034494,0.109868,0.500000,0.000000,0.129211,0,,,PERCENT|TEMPERATURE,PERCENT,"tagged out (LOTO) prior to terminal connection. ●​ Grounding: Ensure protective earth (PE) grounding is established with a maximum impedance of < 0.5 Ω. 2. Environmental & Mounting Specifications 2.1 Environmental Requirements To ensure continuous operation and preserve hardware longevity, the installation location must comply with the environmental operating parameters listed below. Environmental Parameter Specification Requirement Operating Temperature -10°C to 55°C (14°F to 131°F) Storage Temperature -20°C to 70°C (-4°F to 158°F) Relative Humidity 5% to 90% Non-Condensing","3.​ Open terminal console and issue ping test: ping 192.168.1.100 -n 10. 4.​ If packet loss exceeds 0%, inspect cable terminations and verify NET_TIMEOUT_MS register is set to standard default of 3000 ms. 5.​ If communication remains unresponsive, press and hold the internal REBOOT pinhole button for 5 seconds to restore factory network parameters. 1.​"
158,E.pdf,2,b7807dc3-07ae-4788-93a6-7f720c6aed18,H.pdf,2,77fb0e52-48b0-4c2a-9aa2-5f9f05af5a77,0.041037,0.212063,0.250000,0.000000,0.127833,0,,,DATE|TEMPERATURE|VOLTAGE,DATE|PRESSURE,wide input ranges. ●​ Primary Power Input: 24 VDC Nominal (Acceptable Range: 18.0 VDC to 32.0 VDC) ●​ Maximum Power Consumption: 45 W Peak (32 W typical) ●​ Inrush Current: < 12 A for < 5 ms ●​ Circuit Breaker Requirement: 5 A slow-blow fuse or dedicated miniature circuit breaker (MCB) 3.2 Terminal Pinouts Connect all primary power wiring to Terminal Block A (TB-A) using 16 AWG stranded copper wire rated for 90°C. ●​ TB-A Pin 1: +24 VDC Line ●​ TB-A Pin 2: DC Return (GND) ●​ TB-A Pin 3: Protective Earth (PE Chassis Ground) 4. Initial Commissioning Procedure 4.1 Pre-Power Checks 1.​ Inspect all physical wire connections for correct polarity and mechanical firmness. 2.​ Confirm that analog and digital expansion module ribbon cables are fully seated.,"In the event of fluid leaks, abnormal noise, smoke, or uncontrolled parameter runaway: 1.​ Press the nearest Physical Emergency Stop (E-Stop) Button located on the front cabinet door or remote panel station. 2.​ The controller automatically drops the main isolation contactor within < 50 ms, removing power from all connected actuator solenoids and motor drives. 3.​ Close manual fluid isolation valves V-101 (Inlet) and V-102 (Outlet). 4.​ Verify system pressure gauge indicates 0.0 bar before approaching the fluid manifold assembly. 5.​ Notify the Area Safety Supervisor and file an Incident Log Report. 4. Routine Safety Inspection Procedure Perform weekly safety checks according to the following checklist:"
159,I.pdf,2,49527977-1189-487c-9c96-3be3fa2ec9fa,G.pdf,2,c7a714d5-13f8-41d3-a3a8-d40a3a1bbdc1,0.011865,0.247904,0.200000,0.000000,0.124568,0,,,DATE|QUANTITY|VOLTAGE,DATE|MODEL_NUMBER|TEMPERATURE,"●​ Full Valve & Seal Replacement Overhaul: Every 24 Months or 10,000 Operating Hours 2.2 Fuse & Electrical Component Replacement If primary power does not initiate, verify incoming lines before replacing internal components: 1.​ Isolate incoming DC power. 2.​ Open lower terminal housing panel. 3.​ Inspect main fuse F1 (5 A, 250 V, Fast-Acting Ceramic 5x20 mm). 4.​ Replace only with identical rated fuse (Part No. FUS-5A-FA). 3. Diagnostic Procedures 3.1 Network Communication Test Procedure 1.​ Connect laptop directly to Port ETH1 using a standard Cat6 Ethernet patch cable. 2.​ Configure workstation static IP to 192.168.1.150, Subnet 255.255.255.0. 3.​ Open terminal console and issue ping test: ping 192.168.1.100 -n 10.","40012 FLOW_TARGET FLOAT3 2 80.0 0.0 – 180.0 L/mi n Operational target flow rate 40020 TEMP_TRIP_SET FLOAT3 2 60.0 20.0 – 75.0 °C Upper temperature emergency shutdown threshold 40033 COM_TIMEOUT UINT16 5000 1000 – 30000 ms API communicatio n keep-alive timeout 3. REST API Interface Examples 3.1 Get System Status ●​ Request Endpoint: GET /api/v2/system/status ●​ Headers: Authorization: Bearer <token> ●​ Sample JSON Response: JSON 1.​ { 2.​ ""device_id"": ""XR500-88492"", 3.​ ""firmware_version"": ""v2.4.1"", 4.​ ""system_state"": ""RUNNING"", 5.​ ""telemetry"": { 6.​ ""operating_pressure_bar"": 4.2, 7.​ ""flow_rate_lpm"": 85.0, 8.​ ""internal_temp_c"": 38.5, 9.​ ""supply_voltage_vdc"": 24.1 10.​ }, 11.​ ""status_code"": 200 12.​}"
160,E.pdf,1,f325c245-d303-4f0e-981f-72a11053f0e0,I.pdf,2,49527977-1189-487c-9c96-3be3fa2ec9fa,0.076119,0.283505,0.000000,0.000000,0.123375,0,,,MODEL_NUMBER,DATE|QUANTITY|VOLTAGE,"XR-500 Industrial Controller Installation & Commissioning Guide Document ID: DOC-XR500-INS-v2.1 Target Model: XR-500-A1 / XR-500-B1 1. General Overview & Safety Precautions 1.1 Safety Overview The XR-500 Industrial Controller is a high-reliability control unit designed for heavy manufacturing, process control, and automated fluid management systems. Standard electrical and industrial safety procedures must be observed at all times during installation and commissioning. ●​ Qualified Personnel: Only certified control technicians or licensed electricians should perform electrical wiring and physical mounting. ●​ Isolation: Always verify main incoming power feeds are de-energized, locked out, and tagged out (LOTO) prior to terminal connection.","●​ Full Valve & Seal Replacement Overhaul: Every 24 Months or 10,000 Operating Hours 2.2 Fuse & Electrical Component Replacement If primary power does not initiate, verify incoming lines before replacing internal components: 1.​ Isolate incoming DC power. 2.​ Open lower terminal housing panel. 3.​ Inspect main fuse F1 (5 A, 250 V, Fast-Acting Ceramic 5x20 mm). 4.​ Replace only with identical rated fuse (Part No. FUS-5A-FA). 3. Diagnostic Procedures 3.1 Network Communication Test Procedure 1.​ Connect laptop directly to Port ETH1 using a standard Cat6 Ethernet patch cable. 2.​ Configure workstation static IP to 192.168.1.150, Subnet 255.255.255.0. 3.​ Open terminal console and issue ping test: ping 192.168.1.100 -n 10."
161,E.pdf,2,355ae0c7-e9ed-433e-8e27-a8bd7140064d,G.pdf,1,56ef5443-1bc1-40c6-83bf-b7d3270d7686,0.038935,0.310792,0.000000,0.000000,0.122787,0,,,MODEL_NUMBER|QUANTITY,DATE|PRESSURE,"Enclosure Rating NEMA 4X / IP66 Maximum Vibration 2.5 g RMS (10 Hz – 500 Hz) Maximum Altitude 2,000 meters (6,560 feet) above sea level 2.2 Mechanical Installation 1.​ Secure the mounting bracket to a flat, vertical structural surface using four (4) M6 hex bolts torque-rated to 8.5 N·m. 2.​ Align the mounting tabs on the rear enclosure of the XR-500 with the bracket slots. 3.​ Slide the unit down until the latch mechanism engages with a distinct click. 4.​ Verify clear space around the unit housing: minimum 100 mm top/bottom and 50 mm left/right for thermal dissipation. 3. Electrical & Power Wiring 3.1 Power Supply Specifications The XR-500 contains an auto-sensing internal power supply module designed to accommodate wide input ranges.","2. System Configuration Parameters 2.1 Configurable Register Map The following table outlines key internal configuration parameters accessible via Modbus holding registers or REST API endpoints. Registe r Parameter Name Data Type Defaul t Value Allowe d Range Unit Description 40001 SYS_MODE UINT16 1 0 – 3 — 0=Standby, 1=Auto, 2=Manual, 3=Cal 40005 PRESS_MAX_LIM IT FLOAT3 2 8.0 1.0 – 12.0 bar High pressure trip threshold"
162,G.pdf,3,edbcec2a-9ca5-43d8-82e5-91dc80d361bb,F.pdf,1,d58b93a3-02fc-4970-b004-0134b0641aba,0.016285,0.322591,0.000000,0.000000,0.120692,0,,,VOLTAGE,PERCENT|PRESSURE,"●​ Payload: JSON 13.​{ 14.​ ""parameter"": ""FLOW_TARGET"", 15.​ ""value"": 110.0 16.​} ●​ Response: 200 OK on success, 400 Bad Request if value exceeds range. 4. Error Codes & Fault Diagnostics Error Code Hex Code Description Recommended Action ERR_101 0x0065 Supply Voltage Low (< 18.0 VDC) Check DC power supply output voltage. ERR_102 0x0066 Over-Pressure Limit Triggered Verify discharge line valves and reset register PRESS_MAX_LIMIT. ERR_204 0x00CC Comm Timeout Limit Exceeded Inspect cabling; confirm client matches COM_TIMEOUT setting. 17.​",Continuous (24/7) 100% Load — 2. Normal Operating Procedures 2.1 System Startup 1.​ Ensure the main electrical disconnect switch is placed in the ON position. 2.​ Verify system boot completion via the HMI display reading: STATUS: READY. 3.​ Press the blue RUN button on the control panel door or issue the CMD_START command viaModbus/TCP. 4.​ Verify system pressure stabilizes between 2.5 bar and 4.0 bar within 30 seconds of pump engagement.
163,E.pdf,2,b7807dc3-07ae-4788-93a6-7f720c6aed18,G.pdf,1,56ef5443-1bc1-40c6-83bf-b7d3270d7686,0.018414,0.206979,0.250000,0.000000,0.119668,0,,,DATE|TEMPERATURE|VOLTAGE,DATE|PRESSURE,wide input ranges. ●​ Primary Power Input: 24 VDC Nominal (Acceptable Range: 18.0 VDC to 32.0 VDC) ●​ Maximum Power Consumption: 45 W Peak (32 W typical) ●​ Inrush Current: < 12 A for < 5 ms ●​ Circuit Breaker Requirement: 5 A slow-blow fuse or dedicated miniature circuit breaker (MCB) 3.2 Terminal Pinouts Connect all primary power wiring to Terminal Block A (TB-A) using 16 AWG stranded copper wire rated for 90°C. ●​ TB-A Pin 1: +24 VDC Line ●​ TB-A Pin 2: DC Return (GND) ●​ TB-A Pin 3: Protective Earth (PE Chassis Ground) 4. Initial Commissioning Procedure 4.1 Pre-Power Checks 1.​ Inspect all physical wire connections for correct polarity and mechanical firmness. 2.​ Confirm that analog and digital expansion module ribbon cables are fully seated.,"2. System Configuration Parameters 2.1 Configurable Register Map The following table outlines key internal configuration parameters accessible via Modbus holding registers or REST API endpoints. Registe r Parameter Name Data Type Defaul t Value Allowe d Range Unit Description 40001 SYS_MODE UINT16 1 0 – 3 — 0=Standby, 1=Auto, 2=Manual, 3=Cal 40005 PRESS_MAX_LIM IT FLOAT3 2 8.0 1.0 – 12.0 bar High pressure trip threshold"
164,E.pdf,2,355ae0c7-e9ed-433e-8e27-a8bd7140064d,H.pdf,2,72d9c05a-a594-4f5a-a052-4ebd0455683d,0.038540,0.302421,0.000000,0.000000,0.119663,0,,,MODEL_NUMBER|QUANTITY,DATE|TEMPERATURE,"Enclosure Rating NEMA 4X / IP66 Maximum Vibration 2.5 g RMS (10 Hz – 500 Hz) Maximum Altitude 2,000 meters (6,560 feet) above sea level 2.2 Mechanical Installation 1.​ Secure the mounting bracket to a flat, vertical structural surface using four (4) M6 hex bolts torque-rated to 8.5 N·m. 2.​ Align the mounting tabs on the rear enclosure of the XR-500 with the bracket slots. 3.​ Slide the unit down until the latch mechanism engages with a distinct click. 4.​ Verify clear space around the unit housing: minimum 100 mm top/bottom and 50 mm left/right for thermal dissipation. 3. Electrical & Power Wiring 3.1 Power Supply Specifications The XR-500 contains an auto-sensing internal power supply module designed to accommodate wide input ranges.",Perform weekly safety checks according to the following checklist: 1.​ Test Emergency Stop button responsiveness while operating in low-flow test mode. 2.​ Check enclosure door gaskets for signs of degradation or moisture intrusion. 3.​ Inspect ground bonding strap for tightness and freedom from corrosion. 4.​ Verify ambient enclosure temperature reading on HMI panel remains below 40°C during peak operation. 11.​
165,E.pdf,2,b7807dc3-07ae-4788-93a6-7f720c6aed18,H.pdf,1,a38693a6-7010-43f9-93cb-57ac82ab6ae0,0.029467,0.306540,0.000000,0.000000,0.118605,0,,,DATE|TEMPERATURE|VOLTAGE,PRESSURE,wide input ranges. ●​ Primary Power Input: 24 VDC Nominal (Acceptable Range: 18.0 VDC to 32.0 VDC) ●​ Maximum Power Consumption: 45 W Peak (32 W typical) ●​ Inrush Current: < 12 A for < 5 ms ●​ Circuit Breaker Requirement: 5 A slow-blow fuse or dedicated miniature circuit breaker (MCB) 3.2 Terminal Pinouts Connect all primary power wiring to Terminal Block A (TB-A) using 16 AWG stranded copper wire rated for 90°C. ●​ TB-A Pin 1: +24 VDC Line ●​ TB-A Pin 2: DC Return (GND) ●​ TB-A Pin 3: Protective Earth (PE Chassis Ground) 4. Initial Commissioning Procedure 4.1 Pre-Power Checks 1.​ Inspect all physical wire connections for correct polarity and mechanical firmness. 2.​ Confirm that analog and digital expansion module ribbon cables are fully seated.,"jumpered. 2. Operational Safety Limits & Prohibited Conditions 2.1 Critical Safety Thresholds To prevent catastrophic mechanical failure or fluid line rupture, the unit MUST NOT be operated outside the strict safety limits defined below. 1.​ =================================================================== ============ 2.​ CRITICAL SAFETY OPERATING BOUNDARIES 3.​ =================================================================== ============ 4.​ Parameter Absolute Safety Limit Action On Exceedance 5.​ ------------------------------------------------------------------------------- 6.​ Maximum System Pressure 10.5 bar Immediate Pressure Relief Valve trip"
166,E.pdf,2,355ae0c7-e9ed-433e-8e27-a8bd7140064d,H.pdf,1,a38693a6-7010-43f9-93cb-57ac82ab6ae0,0.053196,0.287692,0.000000,0.000000,0.118464,0,,,MODEL_NUMBER|QUANTITY,PRESSURE,"Enclosure Rating NEMA 4X / IP66 Maximum Vibration 2.5 g RMS (10 Hz – 500 Hz) Maximum Altitude 2,000 meters (6,560 feet) above sea level 2.2 Mechanical Installation 1.​ Secure the mounting bracket to a flat, vertical structural surface using four (4) M6 hex bolts torque-rated to 8.5 N·m. 2.​ Align the mounting tabs on the rear enclosure of the XR-500 with the bracket slots. 3.​ Slide the unit down until the latch mechanism engages with a distinct click. 4.​ Verify clear space around the unit housing: minimum 100 mm top/bottom and 50 mm left/right for thermal dissipation. 3. Electrical & Power Wiring 3.1 Power Supply Specifications The XR-500 contains an auto-sensing internal power supply module designed to accommodate wide input ranges.","jumpered. 2. Operational Safety Limits & Prohibited Conditions 2.1 Critical Safety Thresholds To prevent catastrophic mechanical failure or fluid line rupture, the unit MUST NOT be operated outside the strict safety limits defined below. 1.​ =================================================================== ============ 2.​ CRITICAL SAFETY OPERATING BOUNDARIES 3.​ =================================================================== ============ 4.​ Parameter Absolute Safety Limit Action On Exceedance 5.​ ------------------------------------------------------------------------------- 6.​ Maximum System Pressure 10.5 bar Immediate Pressure Relief Valve trip"
167,H.pdf,2,72d9c05a-a594-4f5a-a052-4ebd0455683d,G.pdf,3,edbcec2a-9ca5-43d8-82e5-91dc80d361bb,0.042267,0.294872,0.000000,0.000000,0.117989,0,,,DATE|TEMPERATURE,VOLTAGE,Perform weekly safety checks according to the following checklist: 1.​ Test Emergency Stop button responsiveness while operating in low-flow test mode. 2.​ Check enclosure door gaskets for signs of degradation or moisture intrusion. 3.​ Inspect ground bonding strap for tightness and freedom from corrosion. 4.​ Verify ambient enclosure temperature reading on HMI panel remains below 40°C during peak operation. 11.​,"●​ Payload: JSON 13.​{ 14.​ ""parameter"": ""FLOW_TARGET"", 15.​ ""value"": 110.0 16.​} ●​ Response: 200 OK on success, 400 Bad Request if value exceeds range. 4. Error Codes & Fault Diagnostics Error Code Hex Code Description Recommended Action ERR_101 0x0065 Supply Voltage Low (< 18.0 VDC) Check DC power supply output voltage. ERR_102 0x0066 Over-Pressure Limit Triggered Verify discharge line valves and reset register PRESS_MAX_LIMIT. ERR_204 0x00CC Comm Timeout Limit Exceeded Inspect cabling; confirm client matches COM_TIMEOUT setting. 17.​"
168,E.pdf,2,b7807dc3-07ae-4788-93a6-7f720c6aed18,I.pdf,2,73fb8999-5eb8-4d44-b107-54cc7964bc12,0.007169,0.174017,0.333333,0.000000,0.117987,0,,,DATE|TEMPERATURE|VOLTAGE,DATE,wide input ranges. ●​ Primary Power Input: 24 VDC Nominal (Acceptable Range: 18.0 VDC to 32.0 VDC) ●​ Maximum Power Consumption: 45 W Peak (32 W typical) ●​ Inrush Current: < 12 A for < 5 ms ●​ Circuit Breaker Requirement: 5 A slow-blow fuse or dedicated miniature circuit breaker (MCB) 3.2 Terminal Pinouts Connect all primary power wiring to Terminal Block A (TB-A) using 16 AWG stranded copper wire rated for 90°C. ●​ TB-A Pin 1: +24 VDC Line ●​ TB-A Pin 2: DC Return (GND) ●​ TB-A Pin 3: Protective Earth (PE Chassis Ground) 4. Initial Commissioning Procedure 4.1 Pre-Power Checks 1.​ Inspect all physical wire connections for correct polarity and mechanical firmness. 2.​ Confirm that analog and digital expansion module ribbon cables are fully seated.,"Erratic Flow Measurements Air trapped in flow transducer or corrupted calibration Verify actual volumetric flow rate with external reference meter Perform zero-point calibration sequence; clean internal sensor body 2. Service & Maintenance Limits 2.1 Major Maintenance Intervals & Service Limits Component wear items must be replaced based on run-hours or calendar time—whichever occurs first—to avoid unexpected system downtime. ●​ Air Filter Replacement: Every 6 Months or 2,000 Operating Hours ●​ System Backup Battery Replacement: Every 36 Months or upon low-voltage alarm (ERR_301) ●​ Complete System Preventive Maintenance (PM) Cycle: Every 6 Months ●​ Full Valve & Seal Replacement Overhaul: Every 24 Months or 10,000 Operating Hours"
169,E.pdf,1,f325c245-d303-4f0e-981f-72a11053f0e0,F.pdf,1,d58b93a3-02fc-4970-b004-0134b0641aba,0.077759,0.266829,0.000000,0.000000,0.117831,0,,,MODEL_NUMBER,PERCENT|PRESSURE,"XR-500 Industrial Controller Installation & Commissioning Guide Document ID: DOC-XR500-INS-v2.1 Target Model: XR-500-A1 / XR-500-B1 1. General Overview & Safety Precautions 1.1 Safety Overview The XR-500 Industrial Controller is a high-reliability control unit designed for heavy manufacturing, process control, and automated fluid management systems. Standard electrical and industrial safety procedures must be observed at all times during installation and commissioning. ●​ Qualified Personnel: Only certified control technicians or licensed electricians should perform electrical wiring and physical mounting. ●​ Isolation: Always verify main incoming power feeds are de-energized, locked out, and tagged out (LOTO) prior to terminal connection.",Continuous (24/7) 100% Load — 2. Normal Operating Procedures 2.1 System Startup 1.​ Ensure the main electrical disconnect switch is placed in the ON position. 2.​ Verify system boot completion via the HMI display reading: STATUS: READY. 3.​ Press the blue RUN button on the control panel door or issue the CMD_START command viaModbus/TCP. 4.​ Verify system pressure stabilizes between 2.5 bar and 4.0 bar within 30 seconds of pump engagement.
170,H.pdf,1,a38693a6-7010-43f9-93cb-57ac82ab6ae0,I.pdf,2,73fb8999-5eb8-4d44-b107-54cc7964bc12,0.068551,0.268651,0.000000,0.000000,0.115909,0,,,PRESSURE,DATE,"jumpered. 2. Operational Safety Limits & Prohibited Conditions 2.1 Critical Safety Thresholds To prevent catastrophic mechanical failure or fluid line rupture, the unit MUST NOT be operated outside the strict safety limits defined below. 1.​ =================================================================== ============ 2.​ CRITICAL SAFETY OPERATING BOUNDARIES 3.​ =================================================================== ============ 4.​ Parameter Absolute Safety Limit Action On Exceedance 5.​ ------------------------------------------------------------------------------- 6.​ Maximum System Pressure 10.5 bar Immediate Pressure Relief Valve trip","Erratic Flow Measurements Air trapped in flow transducer or corrupted calibration Verify actual volumetric flow rate with external reference meter Perform zero-point calibration sequence; clean internal sensor body 2. Service & Maintenance Limits 2.1 Major Maintenance Intervals & Service Limits Component wear items must be replaced based on run-hours or calendar time—whichever occurs first—to avoid unexpected system downtime. ●​ Air Filter Replacement: Every 6 Months or 2,000 Operating Hours ●​ System Backup Battery Replacement: Every 36 Months or upon low-voltage alarm (ERR_301) ●​ Complete System Preventive Maintenance (PM) Cycle: Every 6 Months ●​ Full Valve & Seal Replacement Overhaul: Every 24 Months or 10,000 Operating Hours"
171,E.pdf,2,a933003d-a35e-4634-9b7f-89af44bf33cb,I.pdf,2,73fb8999-5eb8-4d44-b107-54cc7964bc12,0.007963,0.314968,0.000000,0.000000,0.115618,0,,,,DATE,2.​ Confirm that analog and digital expansion module ribbon cables are fully seated. 3.​ Verify line pressure on connected fluid lines is reduced to ambient prior to initial power-up.,"Erratic Flow Measurements Air trapped in flow transducer or corrupted calibration Verify actual volumetric flow rate with external reference meter Perform zero-point calibration sequence; clean internal sensor body 2. Service & Maintenance Limits 2.1 Major Maintenance Intervals & Service Limits Component wear items must be replaced based on run-hours or calendar time—whichever occurs first—to avoid unexpected system downtime. ●​ Air Filter Replacement: Every 6 Months or 2,000 Operating Hours ●​ System Backup Battery Replacement: Every 36 Months or upon low-voltage alarm (ERR_301) ●​ Complete System Preventive Maintenance (PM) Cycle: Every 6 Months ●​ Full Valve & Seal Replacement Overhaul: Every 24 Months or 10,000 Operating Hours"
172,I.pdf,2,6a026bc6-ef58-41a7-a723-d51f2969ad1b,G.pdf,2,c7a714d5-13f8-41d3-a3a8-d40a3a1bbdc1,0.017783,0.306478,0.000000,0.000000,0.115311,0,,,PERCENT,DATE|MODEL_NUMBER|TEMPERATURE,"3.​ Open terminal console and issue ping test: ping 192.168.1.100 -n 10. 4.​ If packet loss exceeds 0%, inspect cable terminations and verify NET_TIMEOUT_MS register is set to standard default of 3000 ms. 5.​ If communication remains unresponsive, press and hold the internal REBOOT pinhole button for 5 seconds to restore factory network parameters. 1.​","40012 FLOW_TARGET FLOAT3 2 80.0 0.0 – 180.0 L/mi n Operational target flow rate 40020 TEMP_TRIP_SET FLOAT3 2 60.0 20.0 – 75.0 °C Upper temperature emergency shutdown threshold 40033 COM_TIMEOUT UINT16 5000 1000 – 30000 ms API communicatio n keep-alive timeout 3. REST API Interface Examples 3.1 Get System Status ●​ Request Endpoint: GET /api/v2/system/status ●​ Headers: Authorization: Bearer <token> ●​ Sample JSON Response: JSON 1.​ { 2.​ ""device_id"": ""XR500-88492"", 3.​ ""firmware_version"": ""v2.4.1"", 4.​ ""system_state"": ""RUNNING"", 5.​ ""telemetry"": { 6.​ ""operating_pressure_bar"": 4.2, 7.​ ""flow_rate_lpm"": 85.0, 8.​ ""internal_temp_c"": 38.5, 9.​ ""supply_voltage_vdc"": 24.1 10.​ }, 11.​ ""status_code"": 200 12.​}"
173,G.pdf,2,c7a714d5-13f8-41d3-a3a8-d40a3a1bbdc1,F.pdf,2,493d41e5-bce7-4119-932f-6d740cc2cd63,0.019794,0.188136,0.250000,0.000000,0.113271,0,,,DATE|MODEL_NUMBER|TEMPERATURE,MODEL_NUMBER|VOLTAGE,"40012 FLOW_TARGET FLOAT3 2 80.0 0.0 – 180.0 L/mi n Operational target flow rate 40020 TEMP_TRIP_SET FLOAT3 2 60.0 20.0 – 75.0 °C Upper temperature emergency shutdown threshold 40033 COM_TIMEOUT UINT16 5000 1000 – 30000 ms API communicatio n keep-alive timeout 3. REST API Interface Examples 3.1 Get System Status ●​ Request Endpoint: GET /api/v2/system/status ●​ Headers: Authorization: Bearer <token> ●​ Sample JSON Response: JSON 1.​ { 2.​ ""device_id"": ""XR500-88492"", 3.​ ""firmware_version"": ""v2.4.1"", 4.​ ""system_state"": ""RUNNING"", 5.​ ""telemetry"": { 6.​ ""operating_pressure_bar"": 4.2, 7.​ ""flow_rate_lpm"": 85.0, 8.​ ""internal_temp_c"": 38.5, 9.​ ""supply_voltage_vdc"": 24.1 10.​ }, 11.​ ""status_code"": 200 12.​}","3.2 Air Filter Replacement 1.​ Disconnect incoming 24 VDC power supply. 2.​ Remove the front enclosure filter cover by unscrewing the four corner thumb screws. 3.​ Remove the saturated filter element (Part No. FLT-XR500-A). 4.​ Insert the new filter element, ensuring airflow direction arrows point inward toward the heatsink assembly. 5.​ Re-secure cover thumb screws hand-tight. 10.​"
174,I.pdf,2,49527977-1189-487c-9c96-3be3fa2ec9fa,F.pdf,1,d58b93a3-02fc-4970-b004-0134b0641aba,0.084578,0.248585,0.000000,0.000000,0.113172,0,,,DATE|QUANTITY|VOLTAGE,PERCENT|PRESSURE,"●​ Full Valve & Seal Replacement Overhaul: Every 24 Months or 10,000 Operating Hours 2.2 Fuse & Electrical Component Replacement If primary power does not initiate, verify incoming lines before replacing internal components: 1.​ Isolate incoming DC power. 2.​ Open lower terminal housing panel. 3.​ Inspect main fuse F1 (5 A, 250 V, Fast-Acting Ceramic 5x20 mm). 4.​ Replace only with identical rated fuse (Part No. FUS-5A-FA). 3. Diagnostic Procedures 3.1 Network Communication Test Procedure 1.​ Connect laptop directly to Port ETH1 using a standard Cat6 Ethernet patch cable. 2.​ Configure workstation static IP to 192.168.1.150, Subnet 255.255.255.0. 3.​ Open terminal console and issue ping test: ping 192.168.1.100 -n 10.",Continuous (24/7) 100% Load — 2. Normal Operating Procedures 2.1 System Startup 1.​ Ensure the main electrical disconnect switch is placed in the ON position. 2.​ Verify system boot completion via the HMI display reading: STATUS: READY. 3.​ Press the blue RUN button on the control panel door or issue the CMD_START command viaModbus/TCP. 4.​ Verify system pressure stabilizes between 2.5 bar and 4.0 bar within 30 seconds of pump engagement.
175,E.pdf,1,4283c023-732b-4278-afab-ed39f4de33e2,H.pdf,1,a38693a6-7010-43f9-93cb-57ac82ab6ae0,0.040483,0.282638,0.000000,0.000000,0.113085,0,,,PERCENT|TEMPERATURE,PRESSURE,"tagged out (LOTO) prior to terminal connection. ●​ Grounding: Ensure protective earth (PE) grounding is established with a maximum impedance of < 0.5 Ω. 2. Environmental & Mounting Specifications 2.1 Environmental Requirements To ensure continuous operation and preserve hardware longevity, the installation location must comply with the environmental operating parameters listed below. Environmental Parameter Specification Requirement Operating Temperature -10°C to 55°C (14°F to 131°F) Storage Temperature -20°C to 70°C (-4°F to 158°F) Relative Humidity 5% to 90% Non-Condensing","jumpered. 2. Operational Safety Limits & Prohibited Conditions 2.1 Critical Safety Thresholds To prevent catastrophic mechanical failure or fluid line rupture, the unit MUST NOT be operated outside the strict safety limits defined below. 1.​ =================================================================== ============ 2.​ CRITICAL SAFETY OPERATING BOUNDARIES 3.​ =================================================================== ============ 4.​ Parameter Absolute Safety Limit Action On Exceedance 5.​ ------------------------------------------------------------------------------- 6.​ Maximum System Pressure 10.5 bar Immediate Pressure Relief Valve trip"
176,H.pdf,2,77fb0e52-48b0-4c2a-9aa2-5f9f05af5a77,G.pdf,3,edbcec2a-9ca5-43d8-82e5-91dc80d361bb,0.028633,0.291682,0.000000,0.000000,0.113023,0,,,DATE|PRESSURE,VOLTAGE,"In the event of fluid leaks, abnormal noise, smoke, or uncontrolled parameter runaway: 1.​ Press the nearest Physical Emergency Stop (E-Stop) Button located on the front cabinet door or remote panel station. 2.​ The controller automatically drops the main isolation contactor within < 50 ms, removing power from all connected actuator solenoids and motor drives. 3.​ Close manual fluid isolation valves V-101 (Inlet) and V-102 (Outlet). 4.​ Verify system pressure gauge indicates 0.0 bar before approaching the fluid manifold assembly. 5.​ Notify the Area Safety Supervisor and file an Incident Log Report. 4. Routine Safety Inspection Procedure Perform weekly safety checks according to the following checklist:","●​ Payload: JSON 13.​{ 14.​ ""parameter"": ""FLOW_TARGET"", 15.​ ""value"": 110.0 16.​} ●​ Response: 200 OK on success, 400 Bad Request if value exceeds range. 4. Error Codes & Fault Diagnostics Error Code Hex Code Description Recommended Action ERR_101 0x0065 Supply Voltage Low (< 18.0 VDC) Check DC power supply output voltage. ERR_102 0x0066 Over-Pressure Limit Triggered Verify discharge line valves and reset register PRESS_MAX_LIMIT. ERR_204 0x00CC Comm Timeout Limit Exceeded Inspect cabling; confirm client matches COM_TIMEOUT setting. 17.​"
177,E.pdf,2,b7807dc3-07ae-4788-93a6-7f720c6aed18,I.pdf,1,c89e2dfd-f1ac-4742-b282-2ec9c7b87886,0.011479,0.301367,0.000000,0.000000,0.111706,0,,,DATE|TEMPERATURE|VOLTAGE,MODEL_NUMBER|PRESSURE,wide input ranges. ●​ Primary Power Input: 24 VDC Nominal (Acceptable Range: 18.0 VDC to 32.0 VDC) ●​ Maximum Power Consumption: 45 W Peak (32 W typical) ●​ Inrush Current: < 12 A for < 5 ms ●​ Circuit Breaker Requirement: 5 A slow-blow fuse or dedicated miniature circuit breaker (MCB) 3.2 Terminal Pinouts Connect all primary power wiring to Terminal Block A (TB-A) using 16 AWG stranded copper wire rated for 90°C. ●​ TB-A Pin 1: +24 VDC Line ●​ TB-A Pin 2: DC Return (GND) ●​ TB-A Pin 3: Protective Earth (PE Chassis Ground) 4. Initial Commissioning Procedure 4.1 Pre-Power Checks 1.​ Inspect all physical wire connections for correct polarity and mechanical firmness. 2.​ Confirm that analog and digital expansion module ribbon cables are fully seated.,"XR-500 Industrial Controller Troubleshooting & Service Guide Document ID: DOC-XR500-TSG-v1.2 Target Audience: Field Service Engineers & Maintenance Personnel 1. Fault Isolation & Diagnostic Flow 1.1 General Fault Resolution Matrix When an anomaly occurs, the XR-500 onboard controller logs diagnostic codes to the system event log. Refer to the matrix below for common fault symptoms, root causes, and corrective field procedures. Symptom Probable Cause Diagnostic Step Corrective Action System halts abruptly with ERR_102 Line pressure exceeded upper safety trip point Check historical trend graphs for pressure spikes above 8.0 bar Inspect downstream control valves for blockages; verify valve V-102 opening speed Communication Failure / Dropped Frames"
178,G.pdf,3,edbcec2a-9ca5-43d8-82e5-91dc80d361bb,F.pdf,2,b733a4e5-dbeb-49c1-b5a9-3399a59e936e,0.020496,0.288704,0.000000,0.000000,0.109672,0,,,VOLTAGE,DATE|TEMPERATURE,"●​ Payload: JSON 13.​{ 14.​ ""parameter"": ""FLOW_TARGET"", 15.​ ""value"": 110.0 16.​} ●​ Response: 200 OK on success, 400 Bad Request if value exceeds range. 4. Error Codes & Fault Diagnostics Error Code Hex Code Description Recommended Action ERR_101 0x0065 Supply Voltage Low (< 18.0 VDC) Check DC power supply output voltage. ERR_102 0x0066 Over-Pressure Limit Triggered Verify discharge line valves and reset register PRESS_MAX_LIMIT. ERR_204 0x00CC Comm Timeout Limit Exceeded Inspect cabling; confirm client matches COM_TIMEOUT setting. 17.​","2.2 Normal Shutdown Procedure 1.​ Disengage automatic sequence control on the supervisory workstation. 2.​ Issue the CMD_STOP command or hold the front panel STOP button for 3 seconds. 3.​ Allow the recirculation pump to run in flush mode for 120 seconds to cool internal drive elements. 4.​ Once fluid temperature drops below 35°C, close main inlet valves V-101 and V-102. 3. Preventive Maintenance Schedules 3.1 Periodic Maintenance Table To maintain operational integrity and system compliance, perform scheduled maintenance tasks strictly according to the intervals listed below. 1.​ +------------------+-----------------------------------------------+---------------+ 2.​ | Interval | Task Description | Responsible |"
179,E.pdf,3,9a914e1d-6b14-4390-8b34-12d11b581ae2,G.pdf,1,56ef5443-1bc1-40c6-83bf-b7d3270d7686,0.024891,0.284840,0.000000,0.000000,0.109512,0,,,VOLTAGE,DATE|PRESSURE,4.2 Initial Power-Up Sequence 1.​ Apply 24 VDC power to TB-A. 2.​ Observe the front panel diagnostic LEDs: ○​ POWER LED: Solid Green within 3 seconds. ○​ STATUS LED: Blinking Amber during system bootloader execution (approx. 20 seconds). ○​ SYSTEM READY LED: Solid Green upon boot completion. 3.​ Connect an Ethernet cable from the configuration workstation to Port 1 (ETH1). 4.​ Default Factory IP Address: 192.168.1.100 (Subnet Mask: 255.255.255.0). 5.​ Open a browser and navigate to [http://192.168.1.100](http://192.168.1.100) to launch the Initial Setup Wizard.,"2. System Configuration Parameters 2.1 Configurable Register Map The following table outlines key internal configuration parameters accessible via Modbus holding registers or REST API endpoints. Registe r Parameter Name Data Type Defaul t Value Allowe d Range Unit Description 40001 SYS_MODE UINT16 1 0 – 3 — 0=Standby, 1=Auto, 2=Manual, 3=Cal 40005 PRESS_MAX_LIM IT FLOAT3 2 8.0 1.0 – 12.0 bar High pressure trip threshold"
180,E.pdf,2,355ae0c7-e9ed-433e-8e27-a8bd7140064d,I.pdf,1,92a7f8ae-2570-41a5-ade1-fcc4fc89dafd,0.049565,0.262799,0.000000,0.000000,0.108486,0,,,MODEL_NUMBER|QUANTITY,DATE|TEMPERATURE,"Enclosure Rating NEMA 4X / IP66 Maximum Vibration 2.5 g RMS (10 Hz – 500 Hz) Maximum Altitude 2,000 meters (6,560 feet) above sea level 2.2 Mechanical Installation 1.​ Secure the mounting bracket to a flat, vertical structural surface using four (4) M6 hex bolts torque-rated to 8.5 N·m. 2.​ Align the mounting tabs on the rear enclosure of the XR-500 with the bracket slots. 3.​ Slide the unit down until the latch mechanism engages with a distinct click. 4.​ Verify clear space around the unit housing: minimum 100 mm top/bottom and 50 mm left/right for thermal dissipation. 3. Electrical & Power Wiring 3.1 Power Supply Specifications The XR-500 contains an auto-sensing internal power supply module designed to accommodate wide input ranges.",blockages; verify valve V-102 opening speed Communication Failure / Dropped Frames Network packet dropping or timeout settings too aggressive Ping controller IP; check diagnostic register 40033 Ensure client retry timeout is set to at least 3000 ms with 3 retry attempts Unexpected Thermal Shutdown High internal or cabinet ambient temperature Check internal temperature sensor reading vs external ambient Ensure ambient temperature does not exceed maximum installation threshold of 55°C
181,E.pdf,1,4283c023-732b-4278-afab-ed39f4de33e2,H.pdf,1,9d2908ba-a3cf-4853-a950-d7c4fc077a6e,0.034905,0.269890,0.000000,0.000000,0.106934,0,,,PERCENT|TEMPERATURE,DATE|MODEL_NUMBER|QUANTITY,"tagged out (LOTO) prior to terminal connection. ●​ Grounding: Ensure protective earth (PE) grounding is established with a maximum impedance of < 0.5 Ω. 2. Environmental & Mounting Specifications 2.1 Environmental Requirements To ensure continuous operation and preserve hardware longevity, the installation location must comply with the environmental operating parameters listed below. Environmental Parameter Specification Requirement Operating Temperature -10°C to 55°C (14°F to 131°F) Storage Temperature -20°C to 70°C (-4°F to 158°F) Relative Humidity 5% to 90% Non-Condensing","XR-500 Industrial Controller Safety & Standard Operating Procedure (SOP) Document ID: SOP-XR500-SAF-002 Effective Date: January 15, 2026 Revision: Rev 4 1. Safety Requirements & Compliance 1.1 Personal Protective Equipment (PPE) All operators and maintenance technicians working within 2 meters of the XR-500 controlled process skid must wear the following mandatory safety gear: ●​ Safety Glasses with side shields (ANSI Z87.1 approved) ●​ Steel-toe work boots (ASTM F2413) ●​ Heat-resistant and chemical-resistant gloves (EN 374 compliant) 1.2 Interlock & Safety Systems The XR-500 is equipped with redundant dual-channel safety circuits. Under no circumstances should safety interlocks, enclosure door microswitches, or pressure relief valves be bypassed or jumpered."
182,G.pdf,2,f82da7a8-0b0b-41f2-97f0-8770de3277c0,F.pdf,2,cb5e5c0c-c015-4dca-8e80-14a38fcde0e2,0.023567,0.277834,0.000000,0.000000,0.106619,0,,,,DATE|MODEL_NUMBER|QUANTITY,"9.​ ""supply_voltage_vdc"": 24.1 10.​ }, 11.​ ""status_code"": 200 12.​} 3.2 Update Target Flow Rate ●​ Request Endpoint: POST /api/v2/config/parameters","2.​ | Interval | Task Description | Responsible | 3.​ +------------------+-----------------------------------------------+---------------+ 4.​ | Daily | Visual inspection of status LEDs and display | Operator | 5.​ | Monthly | Check pressure sensor calibration zero-points | Maintenance | 6.​ | Every 6 Months | Clean/replace internal panel air filter | Maintenance | 7.​ | Every 1,000 Hrs | Replace internal system battery (CR2032) | Lead Tech | 8.​ | Every 12 Months | Full physical seal and valve diaphragm overhaul | Certified Tech| 9.​ +------------------+-----------------------------------------------+---------------+ 3.2 Air Filter Replacement"
183,G.pdf,3,edbcec2a-9ca5-43d8-82e5-91dc80d361bb,F.pdf,2,cb5e5c0c-c015-4dca-8e80-14a38fcde0e2,0.028452,0.274013,0.000000,0.000000,0.106611,0,,,VOLTAGE,DATE|MODEL_NUMBER|QUANTITY,"●​ Payload: JSON 13.​{ 14.​ ""parameter"": ""FLOW_TARGET"", 15.​ ""value"": 110.0 16.​} ●​ Response: 200 OK on success, 400 Bad Request if value exceeds range. 4. Error Codes & Fault Diagnostics Error Code Hex Code Description Recommended Action ERR_101 0x0065 Supply Voltage Low (< 18.0 VDC) Check DC power supply output voltage. ERR_102 0x0066 Over-Pressure Limit Triggered Verify discharge line valves and reset register PRESS_MAX_LIMIT. ERR_204 0x00CC Comm Timeout Limit Exceeded Inspect cabling; confirm client matches COM_TIMEOUT setting. 17.​","2.​ | Interval | Task Description | Responsible | 3.​ +------------------+-----------------------------------------------+---------------+ 4.​ | Daily | Visual inspection of status LEDs and display | Operator | 5.​ | Monthly | Check pressure sensor calibration zero-points | Maintenance | 6.​ | Every 6 Months | Clean/replace internal panel air filter | Maintenance | 7.​ | Every 1,000 Hrs | Replace internal system battery (CR2032) | Lead Tech | 8.​ | Every 12 Months | Full physical seal and valve diaphragm overhaul | Certified Tech| 9.​ +------------------+-----------------------------------------------+---------------+ 3.2 Air Filter Replacement"
184,E.pdf,1,f325c245-d303-4f0e-981f-72a11053f0e0,G.pdf,3,edbcec2a-9ca5-43d8-82e5-91dc80d361bb,0.008879,0.288801,0.000000,0.000000,0.106455,0,,,MODEL_NUMBER,VOLTAGE,"XR-500 Industrial Controller Installation & Commissioning Guide Document ID: DOC-XR500-INS-v2.1 Target Model: XR-500-A1 / XR-500-B1 1. General Overview & Safety Precautions 1.1 Safety Overview The XR-500 Industrial Controller is a high-reliability control unit designed for heavy manufacturing, process control, and automated fluid management systems. Standard electrical and industrial safety procedures must be observed at all times during installation and commissioning. ●​ Qualified Personnel: Only certified control technicians or licensed electricians should perform electrical wiring and physical mounting. ●​ Isolation: Always verify main incoming power feeds are de-energized, locked out, and tagged out (LOTO) prior to terminal connection.","●​ Payload: JSON 13.​{ 14.​ ""parameter"": ""FLOW_TARGET"", 15.​ ""value"": 110.0 16.​} ●​ Response: 200 OK on success, 400 Bad Request if value exceeds range. 4. Error Codes & Fault Diagnostics Error Code Hex Code Description Recommended Action ERR_101 0x0065 Supply Voltage Low (< 18.0 VDC) Check DC power supply output voltage. ERR_102 0x0066 Over-Pressure Limit Triggered Verify discharge line valves and reset register PRESS_MAX_LIMIT. ERR_204 0x00CC Comm Timeout Limit Exceeded Inspect cabling; confirm client matches COM_TIMEOUT setting. 17.​"
185,E.pdf,1,4283c023-732b-4278-afab-ed39f4de33e2,G.pdf,1,56ef5443-1bc1-40c6-83bf-b7d3270d7686,0.027137,0.269315,0.000000,0.000000,0.104552,0,,,PERCENT|TEMPERATURE,DATE|PRESSURE,"tagged out (LOTO) prior to terminal connection. ●​ Grounding: Ensure protective earth (PE) grounding is established with a maximum impedance of < 0.5 Ω. 2. Environmental & Mounting Specifications 2.1 Environmental Requirements To ensure continuous operation and preserve hardware longevity, the installation location must comply with the environmental operating parameters listed below. Environmental Parameter Specification Requirement Operating Temperature -10°C to 55°C (14°F to 131°F) Storage Temperature -20°C to 70°C (-4°F to 158°F) Relative Humidity 5% to 90% Non-Condensing","2. System Configuration Parameters 2.1 Configurable Register Map The following table outlines key internal configuration parameters accessible via Modbus holding registers or REST API endpoints. Registe r Parameter Name Data Type Defaul t Value Allowe d Range Unit Description 40001 SYS_MODE UINT16 1 0 – 3 — 0=Standby, 1=Auto, 2=Manual, 3=Cal 40005 PRESS_MAX_LIM IT FLOAT3 2 8.0 1.0 – 12.0 bar High pressure trip threshold"
186,G.pdf,2,f82da7a8-0b0b-41f2-97f0-8770de3277c0,F.pdf,1,d58b93a3-02fc-4970-b004-0134b0641aba,0.016837,0.274346,0.000000,0.000000,0.103479,0,,,,PERCENT|PRESSURE,"9.​ ""supply_voltage_vdc"": 24.1 10.​ }, 11.​ ""status_code"": 200 12.​} 3.2 Update Target Flow Rate ●​ Request Endpoint: POST /api/v2/config/parameters",Continuous (24/7) 100% Load — 2. Normal Operating Procedures 2.1 System Startup 1.​ Ensure the main electrical disconnect switch is placed in the ON position. 2.​ Verify system boot completion via the HMI display reading: STATUS: READY. 3.​ Press the blue RUN button on the control panel door or issue the CMD_START command viaModbus/TCP. 4.​ Verify system pressure stabilizes between 2.5 bar and 4.0 bar within 30 seconds of pump engagement.
187,G.pdf,1,e42eff19-3994-404b-9c30-514883ebf634,F.pdf,2,493d41e5-bce7-4119-932f-6d740cc2cd63,0.006741,0.055337,0.500000,0.000000,0.101809,0,,,MODEL_NUMBER,MODEL_NUMBER|VOLTAGE,"XR-500 Industrial Controller Configuration & API Reference Document ID: DOC-XR500-API-v1.4 Protocol Version: REST API v2 / Modbus-TCP v1.1 1. Communication Settings & Interface Protocols 1.1 Network Configuration The XR-500 system provides dual Ethernet interfaces (ETH1, ETH2) supporting standard industrial communications including Modbus/TCP, EtherNet/IP, and a native RESTful JSON API. ●​ Default Interface (ETH1): Static IP 192.168.1.100 ●​ Default Port Settings: ○​ Web GUI / REST API: Port 80 / 443 ○​ Modbus/TCP: Port 502 ●​ Network Timeout Setting: ○​ Parameter NET_TIMEOUT_MS: Default 3000 ms (Allowed Range: 500 – 10000 ms) ○​ Network Retry Attempts (NET_RETRY_CNT): Default 3 (Allowed Range: 1 – 5) 2. System Configuration Parameters 2.1 Configurable Register Map","3.2 Air Filter Replacement 1.​ Disconnect incoming 24 VDC power supply. 2.​ Remove the front enclosure filter cover by unscrewing the four corner thumb screws. 3.​ Remove the saturated filter element (Part No. FLT-XR500-A). 4.​ Insert the new filter element, ensuring airflow direction arrows point inward toward the heatsink assembly. 5.​ Re-secure cover thumb screws hand-tight. 10.​"
188,E.pdf,2,a933003d-a35e-4634-9b7f-89af44bf33cb,I.pdf,2,6a026bc6-ef58-41a7-a723-d51f2969ad1b,0.012725,0.272529,0.000000,0.000000,0.101673,0,,,,PERCENT,2.​ Confirm that analog and digital expansion module ribbon cables are fully seated. 3.​ Verify line pressure on connected fluid lines is reduced to ambient prior to initial power-up.,"3.​ Open terminal console and issue ping test: ping 192.168.1.100 -n 10. 4.​ If packet loss exceeds 0%, inspect cable terminations and verify NET_TIMEOUT_MS register is set to standard default of 3000 ms. 5.​ If communication remains unresponsive, press and hold the internal REBOOT pinhole button for 5 seconds to restore factory network parameters. 1.​"
189,H.pdf,2,77fb0e52-48b0-4c2a-9aa2-5f9f05af5a77,F.pdf,2,493d41e5-bce7-4119-932f-6d740cc2cd63,0.022836,0.263426,0.000000,0.000000,0.101227,0,,,DATE|PRESSURE,MODEL_NUMBER|VOLTAGE,"In the event of fluid leaks, abnormal noise, smoke, or uncontrolled parameter runaway: 1.​ Press the nearest Physical Emergency Stop (E-Stop) Button located on the front cabinet door or remote panel station. 2.​ The controller automatically drops the main isolation contactor within < 50 ms, removing power from all connected actuator solenoids and motor drives. 3.​ Close manual fluid isolation valves V-101 (Inlet) and V-102 (Outlet). 4.​ Verify system pressure gauge indicates 0.0 bar before approaching the fluid manifold assembly. 5.​ Notify the Area Safety Supervisor and file an Incident Log Report. 4. Routine Safety Inspection Procedure Perform weekly safety checks according to the following checklist:","3.2 Air Filter Replacement 1.​ Disconnect incoming 24 VDC power supply. 2.​ Remove the front enclosure filter cover by unscrewing the four corner thumb screws. 3.​ Remove the saturated filter element (Part No. FLT-XR500-A). 4.​ Insert the new filter element, ensuring airflow direction arrows point inward toward the heatsink assembly. 5.​ Re-secure cover thumb screws hand-tight. 10.​"
190,E.pdf,1,4283c023-732b-4278-afab-ed39f4de33e2,G.pdf,3,edbcec2a-9ca5-43d8-82e5-91dc80d361bb,0.022384,0.263177,0.000000,0.000000,0.101011,0,,,PERCENT|TEMPERATURE,VOLTAGE,"tagged out (LOTO) prior to terminal connection. ●​ Grounding: Ensure protective earth (PE) grounding is established with a maximum impedance of < 0.5 Ω. 2. Environmental & Mounting Specifications 2.1 Environmental Requirements To ensure continuous operation and preserve hardware longevity, the installation location must comply with the environmental operating parameters listed below. Environmental Parameter Specification Requirement Operating Temperature -10°C to 55°C (14°F to 131°F) Storage Temperature -20°C to 70°C (-4°F to 158°F) Relative Humidity 5% to 90% Non-Condensing","●​ Payload: JSON 13.​{ 14.​ ""parameter"": ""FLOW_TARGET"", 15.​ ""value"": 110.0 16.​} ●​ Response: 200 OK on success, 400 Bad Request if value exceeds range. 4. Error Codes & Fault Diagnostics Error Code Hex Code Description Recommended Action ERR_101 0x0065 Supply Voltage Low (< 18.0 VDC) Check DC power supply output voltage. ERR_102 0x0066 Over-Pressure Limit Triggered Verify discharge line valves and reset register PRESS_MAX_LIMIT. ERR_204 0x00CC Comm Timeout Limit Exceeded Inspect cabling; confirm client matches COM_TIMEOUT setting. 17.​"
191,I.pdf,1,92a7f8ae-2570-41a5-ade1-fcc4fc89dafd,G.pdf,2,f82da7a8-0b0b-41f2-97f0-8770de3277c0,0.000000,0.279350,0.000000,0.000000,0.100566,0,,,DATE|TEMPERATURE,,blockages; verify valve V-102 opening speed Communication Failure / Dropped Frames Network packet dropping or timeout settings too aggressive Ping controller IP; check diagnostic register 40033 Ensure client retry timeout is set to at least 3000 ms with 3 retry attempts Unexpected Thermal Shutdown High internal or cabinet ambient temperature Check internal temperature sensor reading vs external ambient Ensure ambient temperature does not exceed maximum installation threshold of 55°C,"9.​ ""supply_voltage_vdc"": 24.1 10.​ }, 11.​ ""status_code"": 200 12.​} 3.2 Update Target Flow Rate ●​ Request Endpoint: POST /api/v2/config/parameters"
192,E.pdf,2,b7807dc3-07ae-4788-93a6-7f720c6aed18,F.pdf,1,d58b93a3-02fc-4970-b004-0134b0641aba,0.010696,0.269039,0.000000,0.000000,0.099849,0,,,DATE|TEMPERATURE|VOLTAGE,PERCENT|PRESSURE,wide input ranges. ●​ Primary Power Input: 24 VDC Nominal (Acceptable Range: 18.0 VDC to 32.0 VDC) ●​ Maximum Power Consumption: 45 W Peak (32 W typical) ●​ Inrush Current: < 12 A for < 5 ms ●​ Circuit Breaker Requirement: 5 A slow-blow fuse or dedicated miniature circuit breaker (MCB) 3.2 Terminal Pinouts Connect all primary power wiring to Terminal Block A (TB-A) using 16 AWG stranded copper wire rated for 90°C. ●​ TB-A Pin 1: +24 VDC Line ●​ TB-A Pin 2: DC Return (GND) ●​ TB-A Pin 3: Protective Earth (PE Chassis Ground) 4. Initial Commissioning Procedure 4.1 Pre-Power Checks 1.​ Inspect all physical wire connections for correct polarity and mechanical firmness. 2.​ Confirm that analog and digital expansion module ribbon cables are fully seated.,Continuous (24/7) 100% Load — 2. Normal Operating Procedures 2.1 System Startup 1.​ Ensure the main electrical disconnect switch is placed in the ON position. 2.​ Verify system boot completion via the HMI display reading: STATUS: READY. 3.​ Press the blue RUN button on the control panel door or issue the CMD_START command viaModbus/TCP. 4.​ Verify system pressure stabilizes between 2.5 bar and 4.0 bar within 30 seconds of pump engagement.
193,I.pdf,1,c89e2dfd-f1ac-4742-b282-2ec9c7b87886,F.pdf,2,493d41e5-bce7-4119-932f-6d740cc2cd63,0.019769,0.112599,0.333333,0.000000,0.099404,0,,,MODEL_NUMBER|PRESSURE,MODEL_NUMBER|VOLTAGE,"XR-500 Industrial Controller Troubleshooting & Service Guide Document ID: DOC-XR500-TSG-v1.2 Target Audience: Field Service Engineers & Maintenance Personnel 1. Fault Isolation & Diagnostic Flow 1.1 General Fault Resolution Matrix When an anomaly occurs, the XR-500 onboard controller logs diagnostic codes to the system event log. Refer to the matrix below for common fault symptoms, root causes, and corrective field procedures. Symptom Probable Cause Diagnostic Step Corrective Action System halts abruptly with ERR_102 Line pressure exceeded upper safety trip point Check historical trend graphs for pressure spikes above 8.0 bar Inspect downstream control valves for blockages; verify valve V-102 opening speed Communication Failure / Dropped Frames","3.2 Air Filter Replacement 1.​ Disconnect incoming 24 VDC power supply. 2.​ Remove the front enclosure filter cover by unscrewing the four corner thumb screws. 3.​ Remove the saturated filter element (Part No. FLT-XR500-A). 4.​ Insert the new filter element, ensuring airflow direction arrows point inward toward the heatsink assembly. 5.​ Re-secure cover thumb screws hand-tight. 10.​"
194,I.pdf,2,49527977-1189-487c-9c96-3be3fa2ec9fa,G.pdf,1,56ef5443-1bc1-40c6-83bf-b7d3270d7686,0.007038,0.157775,0.250000,0.000000,0.098770,0,,,DATE|QUANTITY|VOLTAGE,DATE|PRESSURE,"●​ Full Valve & Seal Replacement Overhaul: Every 24 Months or 10,000 Operating Hours 2.2 Fuse & Electrical Component Replacement If primary power does not initiate, verify incoming lines before replacing internal components: 1.​ Isolate incoming DC power. 2.​ Open lower terminal housing panel. 3.​ Inspect main fuse F1 (5 A, 250 V, Fast-Acting Ceramic 5x20 mm). 4.​ Replace only with identical rated fuse (Part No. FUS-5A-FA). 3. Diagnostic Procedures 3.1 Network Communication Test Procedure 1.​ Connect laptop directly to Port ETH1 using a standard Cat6 Ethernet patch cable. 2.​ Configure workstation static IP to 192.168.1.150, Subnet 255.255.255.0. 3.​ Open terminal console and issue ping test: ping 192.168.1.100 -n 10.","2. System Configuration Parameters 2.1 Configurable Register Map The following table outlines key internal configuration parameters accessible via Modbus holding registers or REST API endpoints. Registe r Parameter Name Data Type Defaul t Value Allowe d Range Unit Description 40001 SYS_MODE UINT16 1 0 – 3 — 0=Standby, 1=Auto, 2=Manual, 3=Cal 40005 PRESS_MAX_LIM IT FLOAT3 2 8.0 1.0 – 12.0 bar High pressure trip threshold"
195,I.pdf,2,49527977-1189-487c-9c96-3be3fa2ec9fa,F.pdf,1,26814e5b-dadd-430e-8308-ff247ffb400b,0.055158,0.172180,0.125000,0.000000,0.097429,0,,,DATE|QUANTITY|VOLTAGE,FLOW_RATE|MODEL_NUMBER|PERCENT|PRESSURE|TEMPERATURE|VOLTAGE,"●​ Full Valve & Seal Replacement Overhaul: Every 24 Months or 10,000 Operating Hours 2.2 Fuse & Electrical Component Replacement If primary power does not initiate, verify incoming lines before replacing internal components: 1.​ Isolate incoming DC power. 2.​ Open lower terminal housing panel. 3.​ Inspect main fuse F1 (5 A, 250 V, Fast-Acting Ceramic 5x20 mm). 4.​ Replace only with identical rated fuse (Part No. FUS-5A-FA). 3. Diagnostic Procedures 3.1 Network Communication Test Procedure 1.​ Connect laptop directly to Port ETH1 using a standard Cat6 Ethernet patch cable. 2.​ Configure workstation static IP to 192.168.1.150, Subnet 255.255.255.0. 3.​ Open terminal console and issue ping test: ping 192.168.1.100 -n 10.","XR-500 Industrial Controller Operations & Maintenance Manual Document ID: DOC-XR500-OMM-v3.0 Target Model: XR-500 Series Control Systems 1. System Operational Limits & Parameters 1.1 Operating Envelope The XR-500 system maintains automatic supervisory oversight of process variables. Operating outside defined envelope parameters triggers automatic warnings, throttling, or emergency trips. Parameter Normal Range Maximum Limit Units Process Fluid Pressure 1.0 – 6.5 8.0 bar Volumetric Flow Rate 10 – 120 150 L/min Operating Temperature -10 to 45 50 °C Input Supply Voltage 20.0 – 28.0 32.0 VDC System Duty Cycle Continuous (24/7) 100% Load — 2. Normal Operating Procedures 2.1 System Startup"
196,E.pdf,2,355ae0c7-e9ed-433e-8e27-a8bd7140064d,G.pdf,3,edbcec2a-9ca5-43d8-82e5-91dc80d361bb,0.046650,0.230035,0.000000,0.000000,0.095875,0,,,MODEL_NUMBER|QUANTITY,VOLTAGE,"Enclosure Rating NEMA 4X / IP66 Maximum Vibration 2.5 g RMS (10 Hz – 500 Hz) Maximum Altitude 2,000 meters (6,560 feet) above sea level 2.2 Mechanical Installation 1.​ Secure the mounting bracket to a flat, vertical structural surface using four (4) M6 hex bolts torque-rated to 8.5 N·m. 2.​ Align the mounting tabs on the rear enclosure of the XR-500 with the bracket slots. 3.​ Slide the unit down until the latch mechanism engages with a distinct click. 4.​ Verify clear space around the unit housing: minimum 100 mm top/bottom and 50 mm left/right for thermal dissipation. 3. Electrical & Power Wiring 3.1 Power Supply Specifications The XR-500 contains an auto-sensing internal power supply module designed to accommodate wide input ranges.","●​ Payload: JSON 13.​{ 14.​ ""parameter"": ""FLOW_TARGET"", 15.​ ""value"": 110.0 16.​} ●​ Response: 200 OK on success, 400 Bad Request if value exceeds range. 4. Error Codes & Fault Diagnostics Error Code Hex Code Description Recommended Action ERR_101 0x0065 Supply Voltage Low (< 18.0 VDC) Check DC power supply output voltage. ERR_102 0x0066 Over-Pressure Limit Triggered Verify discharge line valves and reset register PRESS_MAX_LIMIT. ERR_204 0x00CC Comm Timeout Limit Exceeded Inspect cabling; confirm client matches COM_TIMEOUT setting. 17.​"
197,E.pdf,1,f325c245-d303-4f0e-981f-72a11053f0e0,I.pdf,2,73fb8999-5eb8-4d44-b107-54cc7964bc12,0.011669,0.256079,0.000000,0.000000,0.095456,0,,,MODEL_NUMBER,DATE,"XR-500 Industrial Controller Installation & Commissioning Guide Document ID: DOC-XR500-INS-v2.1 Target Model: XR-500-A1 / XR-500-B1 1. General Overview & Safety Precautions 1.1 Safety Overview The XR-500 Industrial Controller is a high-reliability control unit designed for heavy manufacturing, process control, and automated fluid management systems. Standard electrical and industrial safety procedures must be observed at all times during installation and commissioning. ●​ Qualified Personnel: Only certified control technicians or licensed electricians should perform electrical wiring and physical mounting. ●​ Isolation: Always verify main incoming power feeds are de-energized, locked out, and tagged out (LOTO) prior to terminal connection.","Erratic Flow Measurements Air trapped in flow transducer or corrupted calibration Verify actual volumetric flow rate with external reference meter Perform zero-point calibration sequence; clean internal sensor body 2. Service & Maintenance Limits 2.1 Major Maintenance Intervals & Service Limits Component wear items must be replaced based on run-hours or calendar time—whichever occurs first—to avoid unexpected system downtime. ●​ Air Filter Replacement: Every 6 Months or 2,000 Operating Hours ●​ System Backup Battery Replacement: Every 36 Months or upon low-voltage alarm (ERR_301) ●​ Complete System Preventive Maintenance (PM) Cycle: Every 6 Months ●​ Full Valve & Seal Replacement Overhaul: Every 24 Months or 10,000 Operating Hours"
198,E.pdf,1,4283c023-732b-4278-afab-ed39f4de33e2,F.pdf,2,cb5e5c0c-c015-4dca-8e80-14a38fcde0e2,0.000000,0.261632,0.000000,0.000000,0.094187,0,,,PERCENT|TEMPERATURE,DATE|MODEL_NUMBER|QUANTITY,"tagged out (LOTO) prior to terminal connection. ●​ Grounding: Ensure protective earth (PE) grounding is established with a maximum impedance of < 0.5 Ω. 2. Environmental & Mounting Specifications 2.1 Environmental Requirements To ensure continuous operation and preserve hardware longevity, the installation location must comply with the environmental operating parameters listed below. Environmental Parameter Specification Requirement Operating Temperature -10°C to 55°C (14°F to 131°F) Storage Temperature -20°C to 70°C (-4°F to 158°F) Relative Humidity 5% to 90% Non-Condensing","2.​ | Interval | Task Description | Responsible | 3.​ +------------------+-----------------------------------------------+---------------+ 4.​ | Daily | Visual inspection of status LEDs and display | Operator | 5.​ | Monthly | Check pressure sensor calibration zero-points | Maintenance | 6.​ | Every 6 Months | Clean/replace internal panel air filter | Maintenance | 7.​ | Every 1,000 Hrs | Replace internal system battery (CR2032) | Lead Tech | 8.​ | Every 12 Months | Full physical seal and valve diaphragm overhaul | Certified Tech| 9.​ +------------------+-----------------------------------------------+---------------+ 3.2 Air Filter Replacement"
199,E.pdf,2,355ae0c7-e9ed-433e-8e27-a8bd7140064d,G.pdf,2,c7a714d5-13f8-41d3-a3a8-d40a3a1bbdc1,0.003967,0.142879,0.250000,0.000000,0.092547,0,,,MODEL_NUMBER|QUANTITY,DATE|MODEL_NUMBER|TEMPERATURE,"Enclosure Rating NEMA 4X / IP66 Maximum Vibration 2.5 g RMS (10 Hz – 500 Hz) Maximum Altitude 2,000 meters (6,560 feet) above sea level 2.2 Mechanical Installation 1.​ Secure the mounting bracket to a flat, vertical structural surface using four (4) M6 hex bolts torque-rated to 8.5 N·m. 2.​ Align the mounting tabs on the rear enclosure of the XR-500 with the bracket slots. 3.​ Slide the unit down until the latch mechanism engages with a distinct click. 4.​ Verify clear space around the unit housing: minimum 100 mm top/bottom and 50 mm left/right for thermal dissipation. 3. Electrical & Power Wiring 3.1 Power Supply Specifications The XR-500 contains an auto-sensing internal power supply module designed to accommodate wide input ranges.","40012 FLOW_TARGET FLOAT3 2 80.0 0.0 – 180.0 L/mi n Operational target flow rate 40020 TEMP_TRIP_SET FLOAT3 2 60.0 20.0 – 75.0 °C Upper temperature emergency shutdown threshold 40033 COM_TIMEOUT UINT16 5000 1000 – 30000 ms API communicatio n keep-alive timeout 3. REST API Interface Examples 3.1 Get System Status ●​ Request Endpoint: GET /api/v2/system/status ●​ Headers: Authorization: Bearer <token> ●​ Sample JSON Response: JSON 1.​ { 2.​ ""device_id"": ""XR500-88492"", 3.​ ""firmware_version"": ""v2.4.1"", 4.​ ""system_state"": ""RUNNING"", 5.​ ""telemetry"": { 6.​ ""operating_pressure_bar"": 4.2, 7.​ ""flow_rate_lpm"": 85.0, 8.​ ""internal_temp_c"": 38.5, 9.​ ""supply_voltage_vdc"": 24.1 10.​ }, 11.​ ""status_code"": 200 12.​}"
200,E.pdf,2,a933003d-a35e-4634-9b7f-89af44bf33cb,F.pdf,1,26814e5b-dadd-430e-8308-ff247ffb400b,0.024312,0.231142,0.000000,0.000000,0.090019,0,,,,FLOW_RATE|MODEL_NUMBER|PERCENT|PRESSURE|TEMPERATURE|VOLTAGE,2.​ Confirm that analog and digital expansion module ribbon cables are fully seated. 3.​ Verify line pressure on connected fluid lines is reduced to ambient prior to initial power-up.,"XR-500 Industrial Controller Operations & Maintenance Manual Document ID: DOC-XR500-OMM-v3.0 Target Model: XR-500 Series Control Systems 1. System Operational Limits & Parameters 1.1 Operating Envelope The XR-500 system maintains automatic supervisory oversight of process variables. Operating outside defined envelope parameters triggers automatic warnings, throttling, or emergency trips. Parameter Normal Range Maximum Limit Units Process Fluid Pressure 1.0 – 6.5 8.0 bar Volumetric Flow Rate 10 – 120 150 L/min Operating Temperature -10 to 45 50 °C Input Supply Voltage 20.0 – 28.0 32.0 VDC System Duty Cycle Continuous (24/7) 100% Load — 2. Normal Operating Procedures 2.1 System Startup"
201,E.pdf,3,9a914e1d-6b14-4390-8b34-12d11b581ae2,F.pdf,1,26814e5b-dadd-430e-8308-ff247ffb400b,0.036593,0.146542,0.166667,0.000000,0.089668,0,,,VOLTAGE,FLOW_RATE|MODEL_NUMBER|PERCENT|PRESSURE|TEMPERATURE|VOLTAGE,4.2 Initial Power-Up Sequence 1.​ Apply 24 VDC power to TB-A. 2.​ Observe the front panel diagnostic LEDs: ○​ POWER LED: Solid Green within 3 seconds. ○​ STATUS LED: Blinking Amber during system bootloader execution (approx. 20 seconds). ○​ SYSTEM READY LED: Solid Green upon boot completion. 3.​ Connect an Ethernet cable from the configuration workstation to Port 1 (ETH1). 4.​ Default Factory IP Address: 192.168.1.100 (Subnet Mask: 255.255.255.0). 5.​ Open a browser and navigate to [http://192.168.1.100](http://192.168.1.100) to launch the Initial Setup Wizard.,"XR-500 Industrial Controller Operations & Maintenance Manual Document ID: DOC-XR500-OMM-v3.0 Target Model: XR-500 Series Control Systems 1. System Operational Limits & Parameters 1.1 Operating Envelope The XR-500 system maintains automatic supervisory oversight of process variables. Operating outside defined envelope parameters triggers automatic warnings, throttling, or emergency trips. Parameter Normal Range Maximum Limit Units Process Fluid Pressure 1.0 – 6.5 8.0 bar Volumetric Flow Rate 10 – 120 150 L/min Operating Temperature -10 to 45 50 °C Input Supply Voltage 20.0 – 28.0 32.0 VDC System Duty Cycle Continuous (24/7) 100% Load — 2. Normal Operating Procedures 2.1 System Startup"
202,E.pdf,3,9a914e1d-6b14-4390-8b34-12d11b581ae2,I.pdf,1,c89e2dfd-f1ac-4742-b282-2ec9c7b87886,0.018617,0.232063,0.000000,0.000000,0.088756,0,,,VOLTAGE,MODEL_NUMBER|PRESSURE,4.2 Initial Power-Up Sequence 1.​ Apply 24 VDC power to TB-A. 2.​ Observe the front panel diagnostic LEDs: ○​ POWER LED: Solid Green within 3 seconds. ○​ STATUS LED: Blinking Amber during system bootloader execution (approx. 20 seconds). ○​ SYSTEM READY LED: Solid Green upon boot completion. 3.​ Connect an Ethernet cable from the configuration workstation to Port 1 (ETH1). 4.​ Default Factory IP Address: 192.168.1.100 (Subnet Mask: 255.255.255.0). 5.​ Open a browser and navigate to [http://192.168.1.100](http://192.168.1.100) to launch the Initial Setup Wizard.,"XR-500 Industrial Controller Troubleshooting & Service Guide Document ID: DOC-XR500-TSG-v1.2 Target Audience: Field Service Engineers & Maintenance Personnel 1. Fault Isolation & Diagnostic Flow 1.1 General Fault Resolution Matrix When an anomaly occurs, the XR-500 onboard controller logs diagnostic codes to the system event log. Refer to the matrix below for common fault symptoms, root causes, and corrective field procedures. Symptom Probable Cause Diagnostic Step Corrective Action System halts abruptly with ERR_102 Line pressure exceeded upper safety trip point Check historical trend graphs for pressure spikes above 8.0 bar Inspect downstream control valves for blockages; verify valve V-102 opening speed Communication Failure / Dropped Frames"
203,G.pdf,2,f82da7a8-0b0b-41f2-97f0-8770de3277c0,F.pdf,2,b733a4e5-dbeb-49c1-b5a9-3399a59e936e,0.000000,0.245776,0.000000,0.000000,0.088479,0,,,,DATE|TEMPERATURE,"9.​ ""supply_voltage_vdc"": 24.1 10.​ }, 11.​ ""status_code"": 200 12.​} 3.2 Update Target Flow Rate ●​ Request Endpoint: POST /api/v2/config/parameters","2.2 Normal Shutdown Procedure 1.​ Disengage automatic sequence control on the supervisory workstation. 2.​ Issue the CMD_STOP command or hold the front panel STOP button for 3 seconds. 3.​ Allow the recirculation pump to run in flush mode for 120 seconds to cool internal drive elements. 4.​ Once fluid temperature drops below 35°C, close main inlet valves V-101 and V-102. 3. Preventive Maintenance Schedules 3.1 Periodic Maintenance Table To maintain operational integrity and system compliance, perform scheduled maintenance tasks strictly according to the intervals listed below. 1.​ +------------------+-----------------------------------------------+---------------+ 2.​ | Interval | Task Description | Responsible |"
204,E.pdf,2,a933003d-a35e-4634-9b7f-89af44bf33cb,F.pdf,2,493d41e5-bce7-4119-932f-6d740cc2cd63,0.012321,0.233852,0.000000,0.000000,0.087636,0,,,,MODEL_NUMBER|VOLTAGE,2.​ Confirm that analog and digital expansion module ribbon cables are fully seated. 3.​ Verify line pressure on connected fluid lines is reduced to ambient prior to initial power-up.,"3.2 Air Filter Replacement 1.​ Disconnect incoming 24 VDC power supply. 2.​ Remove the front enclosure filter cover by unscrewing the four corner thumb screws. 3.​ Remove the saturated filter element (Part No. FLT-XR500-A). 4.​ Insert the new filter element, ensuring airflow direction arrows point inward toward the heatsink assembly. 5.​ Re-secure cover thumb screws hand-tight. 10.​"
205,E.pdf,2,a933003d-a35e-4634-9b7f-89af44bf33cb,F.pdf,2,cb5e5c0c-c015-4dca-8e80-14a38fcde0e2,0.012668,0.232451,0.000000,0.000000,0.087229,0,,,,DATE|MODEL_NUMBER|QUANTITY,2.​ Confirm that analog and digital expansion module ribbon cables are fully seated. 3.​ Verify line pressure on connected fluid lines is reduced to ambient prior to initial power-up.,"2.​ | Interval | Task Description | Responsible | 3.​ +------------------+-----------------------------------------------+---------------+ 4.​ | Daily | Visual inspection of status LEDs and display | Operator | 5.​ | Monthly | Check pressure sensor calibration zero-points | Maintenance | 6.​ | Every 6 Months | Clean/replace internal panel air filter | Maintenance | 7.​ | Every 1,000 Hrs | Replace internal system battery (CR2032) | Lead Tech | 8.​ | Every 12 Months | Full physical seal and valve diaphragm overhaul | Certified Tech| 9.​ +------------------+-----------------------------------------------+---------------+ 3.2 Air Filter Replacement"
206,H.pdf,1,9d2908ba-a3cf-4853-a950-d7c4fc077a6e,F.pdf,2,493d41e5-bce7-4119-932f-6d740cc2cd63,0.017627,0.117211,0.250000,0.000000,0.087131,0,,,DATE|MODEL_NUMBER|QUANTITY,MODEL_NUMBER|VOLTAGE,"XR-500 Industrial Controller Safety & Standard Operating Procedure (SOP) Document ID: SOP-XR500-SAF-002 Effective Date: January 15, 2026 Revision: Rev 4 1. Safety Requirements & Compliance 1.1 Personal Protective Equipment (PPE) All operators and maintenance technicians working within 2 meters of the XR-500 controlled process skid must wear the following mandatory safety gear: ●​ Safety Glasses with side shields (ANSI Z87.1 approved) ●​ Steel-toe work boots (ASTM F2413) ●​ Heat-resistant and chemical-resistant gloves (EN 374 compliant) 1.2 Interlock & Safety Systems The XR-500 is equipped with redundant dual-channel safety circuits. Under no circumstances should safety interlocks, enclosure door microswitches, or pressure relief valves be bypassed or jumpered.","3.2 Air Filter Replacement 1.​ Disconnect incoming 24 VDC power supply. 2.​ Remove the front enclosure filter cover by unscrewing the four corner thumb screws. 3.​ Remove the saturated filter element (Part No. FLT-XR500-A). 4.​ Insert the new filter element, ensuring airflow direction arrows point inward toward the heatsink assembly. 5.​ Re-secure cover thumb screws hand-tight. 10.​"
207,E.pdf,1,4283c023-732b-4278-afab-ed39f4de33e2,I.pdf,2,49527977-1189-487c-9c96-3be3fa2ec9fa,0.032304,0.216055,0.000000,0.000000,0.086825,0,,,PERCENT|TEMPERATURE,DATE|QUANTITY|VOLTAGE,"tagged out (LOTO) prior to terminal connection. ●​ Grounding: Ensure protective earth (PE) grounding is established with a maximum impedance of < 0.5 Ω. 2. Environmental & Mounting Specifications 2.1 Environmental Requirements To ensure continuous operation and preserve hardware longevity, the installation location must comply with the environmental operating parameters listed below. Environmental Parameter Specification Requirement Operating Temperature -10°C to 55°C (14°F to 131°F) Storage Temperature -20°C to 70°C (-4°F to 158°F) Relative Humidity 5% to 90% Non-Condensing","●​ Full Valve & Seal Replacement Overhaul: Every 24 Months or 10,000 Operating Hours 2.2 Fuse & Electrical Component Replacement If primary power does not initiate, verify incoming lines before replacing internal components: 1.​ Isolate incoming DC power. 2.​ Open lower terminal housing panel. 3.​ Inspect main fuse F1 (5 A, 250 V, Fast-Acting Ceramic 5x20 mm). 4.​ Replace only with identical rated fuse (Part No. FUS-5A-FA). 3. Diagnostic Procedures 3.1 Network Communication Test Procedure 1.​ Connect laptop directly to Port ETH1 using a standard Cat6 Ethernet patch cable. 2.​ Configure workstation static IP to 192.168.1.150, Subnet 255.255.255.0. 3.​ Open terminal console and issue ping test: ping 192.168.1.100 -n 10."
208,E.pdf,2,a933003d-a35e-4634-9b7f-89af44bf33cb,G.pdf,2,c7a714d5-13f8-41d3-a3a8-d40a3a1bbdc1,0.000000,0.238640,0.000000,0.000000,0.085910,0,,,,DATE|MODEL_NUMBER|TEMPERATURE,2.​ Confirm that analog and digital expansion module ribbon cables are fully seated. 3.​ Verify line pressure on connected fluid lines is reduced to ambient prior to initial power-up.,"40012 FLOW_TARGET FLOAT3 2 80.0 0.0 – 180.0 L/mi n Operational target flow rate 40020 TEMP_TRIP_SET FLOAT3 2 60.0 20.0 – 75.0 °C Upper temperature emergency shutdown threshold 40033 COM_TIMEOUT UINT16 5000 1000 – 30000 ms API communicatio n keep-alive timeout 3. REST API Interface Examples 3.1 Get System Status ●​ Request Endpoint: GET /api/v2/system/status ●​ Headers: Authorization: Bearer <token> ●​ Sample JSON Response: JSON 1.​ { 2.​ ""device_id"": ""XR500-88492"", 3.​ ""firmware_version"": ""v2.4.1"", 4.​ ""system_state"": ""RUNNING"", 5.​ ""telemetry"": { 6.​ ""operating_pressure_bar"": 4.2, 7.​ ""flow_rate_lpm"": 85.0, 8.​ ""internal_temp_c"": 38.5, 9.​ ""supply_voltage_vdc"": 24.1 10.​ }, 11.​ ""status_code"": 200 12.​}"
209,H.pdf,1,a38693a6-7010-43f9-93cb-57ac82ab6ae0,G.pdf,1,e42eff19-3994-404b-9c30-514883ebf634,0.006870,0.232043,0.000000,0.000000,0.085459,0,,,PRESSURE,MODEL_NUMBER,"jumpered. 2. Operational Safety Limits & Prohibited Conditions 2.1 Critical Safety Thresholds To prevent catastrophic mechanical failure or fluid line rupture, the unit MUST NOT be operated outside the strict safety limits defined below. 1.​ =================================================================== ============ 2.​ CRITICAL SAFETY OPERATING BOUNDARIES 3.​ =================================================================== ============ 4.​ Parameter Absolute Safety Limit Action On Exceedance 5.​ ------------------------------------------------------------------------------- 6.​ Maximum System Pressure 10.5 bar Immediate Pressure Relief Valve trip","XR-500 Industrial Controller Configuration & API Reference Document ID: DOC-XR500-API-v1.4 Protocol Version: REST API v2 / Modbus-TCP v1.1 1. Communication Settings & Interface Protocols 1.1 Network Configuration The XR-500 system provides dual Ethernet interfaces (ETH1, ETH2) supporting standard industrial communications including Modbus/TCP, EtherNet/IP, and a native RESTful JSON API. ●​ Default Interface (ETH1): Static IP 192.168.1.100 ●​ Default Port Settings: ○​ Web GUI / REST API: Port 80 / 443 ○​ Modbus/TCP: Port 502 ●​ Network Timeout Setting: ○​ Parameter NET_TIMEOUT_MS: Default 3000 ms (Allowed Range: 500 – 10000 ms) ○​ Network Retry Attempts (NET_RETRY_CNT): Default 3 (Allowed Range: 1 – 5) 2. System Configuration Parameters 2.1 Configurable Register Map"
210,E.pdf,2,b7807dc3-07ae-4788-93a6-7f720c6aed18,G.pdf,2,f82da7a8-0b0b-41f2-97f0-8770de3277c0,0.033417,0.209650,0.000000,0.000000,0.084831,0,,,DATE|TEMPERATURE|VOLTAGE,,wide input ranges. ●​ Primary Power Input: 24 VDC Nominal (Acceptable Range: 18.0 VDC to 32.0 VDC) ●​ Maximum Power Consumption: 45 W Peak (32 W typical) ●​ Inrush Current: < 12 A for < 5 ms ●​ Circuit Breaker Requirement: 5 A slow-blow fuse or dedicated miniature circuit breaker (MCB) 3.2 Terminal Pinouts Connect all primary power wiring to Terminal Block A (TB-A) using 16 AWG stranded copper wire rated for 90°C. ●​ TB-A Pin 1: +24 VDC Line ●​ TB-A Pin 2: DC Return (GND) ●​ TB-A Pin 3: Protective Earth (PE Chassis Ground) 4. Initial Commissioning Procedure 4.1 Pre-Power Checks 1.​ Inspect all physical wire connections for correct polarity and mechanical firmness. 2.​ Confirm that analog and digital expansion module ribbon cables are fully seated.,"9.​ ""supply_voltage_vdc"": 24.1 10.​ }, 11.​ ""status_code"": 200 12.​} 3.2 Update Target Flow Rate ●​ Request Endpoint: POST /api/v2/config/parameters"
211,I.pdf,2,6a026bc6-ef58-41a7-a723-d51f2969ad1b,F.pdf,1,26814e5b-dadd-430e-8308-ff247ffb400b,0.040057,0.127357,0.166667,0.000000,0.083731,0,,,PERCENT,FLOW_RATE|MODEL_NUMBER|PERCENT|PRESSURE|TEMPERATURE|VOLTAGE,"3.​ Open terminal console and issue ping test: ping 192.168.1.100 -n 10. 4.​ If packet loss exceeds 0%, inspect cable terminations and verify NET_TIMEOUT_MS register is set to standard default of 3000 ms. 5.​ If communication remains unresponsive, press and hold the internal REBOOT pinhole button for 5 seconds to restore factory network parameters. 1.​","XR-500 Industrial Controller Operations & Maintenance Manual Document ID: DOC-XR500-OMM-v3.0 Target Model: XR-500 Series Control Systems 1. System Operational Limits & Parameters 1.1 Operating Envelope The XR-500 system maintains automatic supervisory oversight of process variables. Operating outside defined envelope parameters triggers automatic warnings, throttling, or emergency trips. Parameter Normal Range Maximum Limit Units Process Fluid Pressure 1.0 – 6.5 8.0 bar Volumetric Flow Rate 10 – 120 150 L/min Operating Temperature -10 to 45 50 °C Input Supply Voltage 20.0 – 28.0 32.0 VDC System Duty Cycle Continuous (24/7) 100% Load — 2. Normal Operating Procedures 2.1 System Startup"
212,I.pdf,1,92a7f8ae-2570-41a5-ade1-fcc4fc89dafd,F.pdf,2,493d41e5-bce7-4119-932f-6d740cc2cd63,0.000000,0.230006,0.000000,0.000000,0.082802,0,,,DATE|TEMPERATURE,MODEL_NUMBER|VOLTAGE,blockages; verify valve V-102 opening speed Communication Failure / Dropped Frames Network packet dropping or timeout settings too aggressive Ping controller IP; check diagnostic register 40033 Ensure client retry timeout is set to at least 3000 ms with 3 retry attempts Unexpected Thermal Shutdown High internal or cabinet ambient temperature Check internal temperature sensor reading vs external ambient Ensure ambient temperature does not exceed maximum installation threshold of 55°C,"3.2 Air Filter Replacement 1.​ Disconnect incoming 24 VDC power supply. 2.​ Remove the front enclosure filter cover by unscrewing the four corner thumb screws. 3.​ Remove the saturated filter element (Part No. FLT-XR500-A). 4.​ Insert the new filter element, ensuring airflow direction arrows point inward toward the heatsink assembly. 5.​ Re-secure cover thumb screws hand-tight. 10.​"
213,H.pdf,2,77fb0e52-48b0-4c2a-9aa2-5f9f05af5a77,I.pdf,2,6a026bc6-ef58-41a7-a723-d51f2969ad1b,0.047698,0.191858,0.000000,0.000000,0.082424,0,,,DATE|PRESSURE,PERCENT,"In the event of fluid leaks, abnormal noise, smoke, or uncontrolled parameter runaway: 1.​ Press the nearest Physical Emergency Stop (E-Stop) Button located on the front cabinet door or remote panel station. 2.​ The controller automatically drops the main isolation contactor within < 50 ms, removing power from all connected actuator solenoids and motor drives. 3.​ Close manual fluid isolation valves V-101 (Inlet) and V-102 (Outlet). 4.​ Verify system pressure gauge indicates 0.0 bar before approaching the fluid manifold assembly. 5.​ Notify the Area Safety Supervisor and file an Incident Log Report. 4. Routine Safety Inspection Procedure Perform weekly safety checks according to the following checklist:","3.​ Open terminal console and issue ping test: ping 192.168.1.100 -n 10. 4.​ If packet loss exceeds 0%, inspect cable terminations and verify NET_TIMEOUT_MS register is set to standard default of 3000 ms. 5.​ If communication remains unresponsive, press and hold the internal REBOOT pinhole button for 5 seconds to restore factory network parameters. 1.​"
214,I.pdf,2,6a026bc6-ef58-41a7-a723-d51f2969ad1b,G.pdf,1,56ef5443-1bc1-40c6-83bf-b7d3270d7686,0.051910,0.187859,0.000000,0.000000,0.082164,0,,,PERCENT,DATE|PRESSURE,"3.​ Open terminal console and issue ping test: ping 192.168.1.100 -n 10. 4.​ If packet loss exceeds 0%, inspect cable terminations and verify NET_TIMEOUT_MS register is set to standard default of 3000 ms. 5.​ If communication remains unresponsive, press and hold the internal REBOOT pinhole button for 5 seconds to restore factory network parameters. 1.​","2. System Configuration Parameters 2.1 Configurable Register Map The following table outlines key internal configuration parameters accessible via Modbus holding registers or REST API endpoints. Registe r Parameter Name Data Type Defaul t Value Allowe d Range Unit Description 40001 SYS_MODE UINT16 1 0 – 3 — 0=Standby, 1=Auto, 2=Manual, 3=Cal 40005 PRESS_MAX_LIM IT FLOAT3 2 8.0 1.0 – 12.0 bar High pressure trip threshold"
215,H.pdf,1,a38693a6-7010-43f9-93cb-57ac82ab6ae0,G.pdf,2,f82da7a8-0b0b-41f2-97f0-8770de3277c0,0.013627,0.216385,0.000000,0.000000,0.081714,0,,,PRESSURE,,"jumpered. 2. Operational Safety Limits & Prohibited Conditions 2.1 Critical Safety Thresholds To prevent catastrophic mechanical failure or fluid line rupture, the unit MUST NOT be operated outside the strict safety limits defined below. 1.​ =================================================================== ============ 2.​ CRITICAL SAFETY OPERATING BOUNDARIES 3.​ =================================================================== ============ 4.​ Parameter Absolute Safety Limit Action On Exceedance 5.​ ------------------------------------------------------------------------------- 6.​ Maximum System Pressure 10.5 bar Immediate Pressure Relief Valve trip","9.​ ""supply_voltage_vdc"": 24.1 10.​ }, 11.​ ""status_code"": 200 12.​} 3.2 Update Target Flow Rate ●​ Request Endpoint: POST /api/v2/config/parameters"
216,I.pdf,1,c89e2dfd-f1ac-4742-b282-2ec9c7b87886,G.pdf,2,f82da7a8-0b0b-41f2-97f0-8770de3277c0,0.030977,0.201868,0.000000,0.000000,0.081346,0,,,MODEL_NUMBER|PRESSURE,,"XR-500 Industrial Controller Troubleshooting & Service Guide Document ID: DOC-XR500-TSG-v1.2 Target Audience: Field Service Engineers & Maintenance Personnel 1. Fault Isolation & Diagnostic Flow 1.1 General Fault Resolution Matrix When an anomaly occurs, the XR-500 onboard controller logs diagnostic codes to the system event log. Refer to the matrix below for common fault symptoms, root causes, and corrective field procedures. Symptom Probable Cause Diagnostic Step Corrective Action System halts abruptly with ERR_102 Line pressure exceeded upper safety trip point Check historical trend graphs for pressure spikes above 8.0 bar Inspect downstream control valves for blockages; verify valve V-102 opening speed Communication Failure / Dropped Frames","9.​ ""supply_voltage_vdc"": 24.1 10.​ }, 11.​ ""status_code"": 200 12.​} 3.2 Update Target Flow Rate ●​ Request Endpoint: POST /api/v2/config/parameters"
217,H.pdf,2,72d9c05a-a594-4f5a-a052-4ebd0455683d,G.pdf,1,e42eff19-3994-404b-9c30-514883ebf634,0.000000,0.225638,0.000000,0.000000,0.081230,0,,,DATE|TEMPERATURE,MODEL_NUMBER,Perform weekly safety checks according to the following checklist: 1.​ Test Emergency Stop button responsiveness while operating in low-flow test mode. 2.​ Check enclosure door gaskets for signs of degradation or moisture intrusion. 3.​ Inspect ground bonding strap for tightness and freedom from corrosion. 4.​ Verify ambient enclosure temperature reading on HMI panel remains below 40°C during peak operation. 11.​,"XR-500 Industrial Controller Configuration & API Reference Document ID: DOC-XR500-API-v1.4 Protocol Version: REST API v2 / Modbus-TCP v1.1 1. Communication Settings & Interface Protocols 1.1 Network Configuration The XR-500 system provides dual Ethernet interfaces (ETH1, ETH2) supporting standard industrial communications including Modbus/TCP, EtherNet/IP, and a native RESTful JSON API. ●​ Default Interface (ETH1): Static IP 192.168.1.100 ●​ Default Port Settings: ○​ Web GUI / REST API: Port 80 / 443 ○​ Modbus/TCP: Port 502 ●​ Network Timeout Setting: ○​ Parameter NET_TIMEOUT_MS: Default 3000 ms (Allowed Range: 500 – 10000 ms) ○​ Network Retry Attempts (NET_RETRY_CNT): Default 3 (Allowed Range: 1 – 5) 2. System Configuration Parameters 2.1 Configurable Register Map"
218,H.pdf,1,9d2908ba-a3cf-4853-a950-d7c4fc077a6e,G.pdf,3,edbcec2a-9ca5-43d8-82e5-91dc80d361bb,0.024249,0.202628,0.000000,0.000000,0.079736,0,,,DATE|MODEL_NUMBER|QUANTITY,VOLTAGE,"XR-500 Industrial Controller Safety & Standard Operating Procedure (SOP) Document ID: SOP-XR500-SAF-002 Effective Date: January 15, 2026 Revision: Rev 4 1. Safety Requirements & Compliance 1.1 Personal Protective Equipment (PPE) All operators and maintenance technicians working within 2 meters of the XR-500 controlled process skid must wear the following mandatory safety gear: ●​ Safety Glasses with side shields (ANSI Z87.1 approved) ●​ Steel-toe work boots (ASTM F2413) ●​ Heat-resistant and chemical-resistant gloves (EN 374 compliant) 1.2 Interlock & Safety Systems The XR-500 is equipped with redundant dual-channel safety circuits. Under no circumstances should safety interlocks, enclosure door microswitches, or pressure relief valves be bypassed or jumpered.","●​ Payload: JSON 13.​{ 14.​ ""parameter"": ""FLOW_TARGET"", 15.​ ""value"": 110.0 16.​} ●​ Response: 200 OK on success, 400 Bad Request if value exceeds range. 4. Error Codes & Fault Diagnostics Error Code Hex Code Description Recommended Action ERR_101 0x0065 Supply Voltage Low (< 18.0 VDC) Check DC power supply output voltage. ERR_102 0x0066 Over-Pressure Limit Triggered Verify discharge line valves and reset register PRESS_MAX_LIMIT. ERR_204 0x00CC Comm Timeout Limit Exceeded Inspect cabling; confirm client matches COM_TIMEOUT setting. 17.​"
219,E.pdf,2,a933003d-a35e-4634-9b7f-89af44bf33cb,H.pdf,1,9d2908ba-a3cf-4853-a950-d7c4fc077a6e,0.009181,0.212955,0.000000,0.000000,0.079235,0,,,,DATE|MODEL_NUMBER|QUANTITY,2.​ Confirm that analog and digital expansion module ribbon cables are fully seated. 3.​ Verify line pressure on connected fluid lines is reduced to ambient prior to initial power-up.,"XR-500 Industrial Controller Safety & Standard Operating Procedure (SOP) Document ID: SOP-XR500-SAF-002 Effective Date: January 15, 2026 Revision: Rev 4 1. Safety Requirements & Compliance 1.1 Personal Protective Equipment (PPE) All operators and maintenance technicians working within 2 meters of the XR-500 controlled process skid must wear the following mandatory safety gear: ●​ Safety Glasses with side shields (ANSI Z87.1 approved) ●​ Steel-toe work boots (ASTM F2413) ●​ Heat-resistant and chemical-resistant gloves (EN 374 compliant) 1.2 Interlock & Safety Systems The XR-500 is equipped with redundant dual-channel safety circuits. Under no circumstances should safety interlocks, enclosure door microswitches, or pressure relief valves be bypassed or jumpered."
220,E.pdf,3,9a914e1d-6b14-4390-8b34-12d11b581ae2,G.pdf,2,f82da7a8-0b0b-41f2-97f0-8770de3277c0,0.012082,0.208957,0.000000,0.000000,0.078608,0,,,VOLTAGE,,4.2 Initial Power-Up Sequence 1.​ Apply 24 VDC power to TB-A. 2.​ Observe the front panel diagnostic LEDs: ○​ POWER LED: Solid Green within 3 seconds. ○​ STATUS LED: Blinking Amber during system bootloader execution (approx. 20 seconds). ○​ SYSTEM READY LED: Solid Green upon boot completion. 3.​ Connect an Ethernet cable from the configuration workstation to Port 1 (ETH1). 4.​ Default Factory IP Address: 192.168.1.100 (Subnet Mask: 255.255.255.0). 5.​ Open a browser and navigate to [http://192.168.1.100](http://192.168.1.100) to launch the Initial Setup Wizard.,"9.​ ""supply_voltage_vdc"": 24.1 10.​ }, 11.​ ""status_code"": 200 12.​} 3.2 Update Target Flow Rate ●​ Request Endpoint: POST /api/v2/config/parameters"
221,G.pdf,2,f82da7a8-0b0b-41f2-97f0-8770de3277c0,F.pdf,2,493d41e5-bce7-4119-932f-6d740cc2cd63,0.026513,0.195538,0.000000,0.000000,0.077817,0,,,,MODEL_NUMBER|VOLTAGE,"9.​ ""supply_voltage_vdc"": 24.1 10.​ }, 11.​ ""status_code"": 200 12.​} 3.2 Update Target Flow Rate ●​ Request Endpoint: POST /api/v2/config/parameters","3.2 Air Filter Replacement 1.​ Disconnect incoming 24 VDC power supply. 2.​ Remove the front enclosure filter cover by unscrewing the four corner thumb screws. 3.​ Remove the saturated filter element (Part No. FLT-XR500-A). 4.​ Insert the new filter element, ensuring airflow direction arrows point inward toward the heatsink assembly. 5.​ Re-secure cover thumb screws hand-tight. 10.​"
222,E.pdf,2,a933003d-a35e-4634-9b7f-89af44bf33cb,G.pdf,1,56ef5443-1bc1-40c6-83bf-b7d3270d7686,0.013190,0.202233,0.000000,0.000000,0.076497,0,,,,DATE|PRESSURE,2.​ Confirm that analog and digital expansion module ribbon cables are fully seated. 3.​ Verify line pressure on connected fluid lines is reduced to ambient prior to initial power-up.,"2. System Configuration Parameters 2.1 Configurable Register Map The following table outlines key internal configuration parameters accessible via Modbus holding registers or REST API endpoints. Registe r Parameter Name Data Type Defaul t Value Allowe d Range Unit Description 40001 SYS_MODE UINT16 1 0 – 3 — 0=Standby, 1=Auto, 2=Manual, 3=Cal 40005 PRESS_MAX_LIM IT FLOAT3 2 8.0 1.0 – 12.0 bar High pressure trip threshold"
223,E.pdf,2,a933003d-a35e-4634-9b7f-89af44bf33cb,F.pdf,2,b733a4e5-dbeb-49c1-b5a9-3399a59e936e,0.015768,0.200203,0.000000,0.000000,0.076488,0,,,,DATE|TEMPERATURE,2.​ Confirm that analog and digital expansion module ribbon cables are fully seated. 3.​ Verify line pressure on connected fluid lines is reduced to ambient prior to initial power-up.,"2.2 Normal Shutdown Procedure 1.​ Disengage automatic sequence control on the supervisory workstation. 2.​ Issue the CMD_STOP command or hold the front panel STOP button for 3 seconds. 3.​ Allow the recirculation pump to run in flush mode for 120 seconds to cool internal drive elements. 4.​ Once fluid temperature drops below 35°C, close main inlet valves V-101 and V-102. 3. Preventive Maintenance Schedules 3.1 Periodic Maintenance Table To maintain operational integrity and system compliance, perform scheduled maintenance tasks strictly according to the intervals listed below. 1.​ +------------------+-----------------------------------------------+---------------+ 2.​ | Interval | Task Description | Responsible |"
224,H.pdf,2,72d9c05a-a594-4f5a-a052-4ebd0455683d,F.pdf,2,493d41e5-bce7-4119-932f-6d740cc2cd63,0.026747,0.190557,0.000000,0.000000,0.076090,0,,,DATE|TEMPERATURE,MODEL_NUMBER|VOLTAGE,Perform weekly safety checks according to the following checklist: 1.​ Test Emergency Stop button responsiveness while operating in low-flow test mode. 2.​ Check enclosure door gaskets for signs of degradation or moisture intrusion. 3.​ Inspect ground bonding strap for tightness and freedom from corrosion. 4.​ Verify ambient enclosure temperature reading on HMI panel remains below 40°C during peak operation. 11.​,"3.2 Air Filter Replacement 1.​ Disconnect incoming 24 VDC power supply. 2.​ Remove the front enclosure filter cover by unscrewing the four corner thumb screws. 3.​ Remove the saturated filter element (Part No. FLT-XR500-A). 4.​ Insert the new filter element, ensuring airflow direction arrows point inward toward the heatsink assembly. 5.​ Re-secure cover thumb screws hand-tight. 10.​"
225,G.pdf,1,e42eff19-3994-404b-9c30-514883ebf634,F.pdf,1,d58b93a3-02fc-4970-b004-0134b0641aba,0.041941,0.177968,0.000000,0.000000,0.075812,0,,,MODEL_NUMBER,PERCENT|PRESSURE,"XR-500 Industrial Controller Configuration & API Reference Document ID: DOC-XR500-API-v1.4 Protocol Version: REST API v2 / Modbus-TCP v1.1 1. Communication Settings & Interface Protocols 1.1 Network Configuration The XR-500 system provides dual Ethernet interfaces (ETH1, ETH2) supporting standard industrial communications including Modbus/TCP, EtherNet/IP, and a native RESTful JSON API. ●​ Default Interface (ETH1): Static IP 192.168.1.100 ●​ Default Port Settings: ○​ Web GUI / REST API: Port 80 / 443 ○​ Modbus/TCP: Port 502 ●​ Network Timeout Setting: ○​ Parameter NET_TIMEOUT_MS: Default 3000 ms (Allowed Range: 500 – 10000 ms) ○​ Network Retry Attempts (NET_RETRY_CNT): Default 3 (Allowed Range: 1 – 5) 2. System Configuration Parameters 2.1 Configurable Register Map",Continuous (24/7) 100% Load — 2. Normal Operating Procedures 2.1 System Startup 1.​ Ensure the main electrical disconnect switch is placed in the ON position. 2.​ Verify system boot completion via the HMI display reading: STATUS: READY. 3.​ Press the blue RUN button on the control panel door or issue the CMD_START command viaModbus/TCP. 4.​ Verify system pressure stabilizes between 2.5 bar and 4.0 bar within 30 seconds of pump engagement.
226,E.pdf,2,a933003d-a35e-4634-9b7f-89af44bf33cb,H.pdf,1,a38693a6-7010-43f9-93cb-57ac82ab6ae0,0.064283,0.157384,0.000000,0.000000,0.074657,0,,,,PRESSURE,2.​ Confirm that analog and digital expansion module ribbon cables are fully seated. 3.​ Verify line pressure on connected fluid lines is reduced to ambient prior to initial power-up.,"jumpered. 2. Operational Safety Limits & Prohibited Conditions 2.1 Critical Safety Thresholds To prevent catastrophic mechanical failure or fluid line rupture, the unit MUST NOT be operated outside the strict safety limits defined below. 1.​ =================================================================== ============ 2.​ CRITICAL SAFETY OPERATING BOUNDARIES 3.​ =================================================================== ============ 4.​ Parameter Absolute Safety Limit Action On Exceedance 5.​ ------------------------------------------------------------------------------- 6.​ Maximum System Pressure 10.5 bar Immediate Pressure Relief Valve trip"
227,I.pdf,2,49527977-1189-487c-9c96-3be3fa2ec9fa,G.pdf,2,f82da7a8-0b0b-41f2-97f0-8770de3277c0,0.026656,0.184736,0.000000,0.000000,0.073969,0,,,DATE|QUANTITY|VOLTAGE,,"●​ Full Valve & Seal Replacement Overhaul: Every 24 Months or 10,000 Operating Hours 2.2 Fuse & Electrical Component Replacement If primary power does not initiate, verify incoming lines before replacing internal components: 1.​ Isolate incoming DC power. 2.​ Open lower terminal housing panel. 3.​ Inspect main fuse F1 (5 A, 250 V, Fast-Acting Ceramic 5x20 mm). 4.​ Replace only with identical rated fuse (Part No. FUS-5A-FA). 3. Diagnostic Procedures 3.1 Network Communication Test Procedure 1.​ Connect laptop directly to Port ETH1 using a standard Cat6 Ethernet patch cable. 2.​ Configure workstation static IP to 192.168.1.150, Subnet 255.255.255.0. 3.​ Open terminal console and issue ping test: ping 192.168.1.100 -n 10.","9.​ ""supply_voltage_vdc"": 24.1 10.​ }, 11.​ ""status_code"": 200 12.​} 3.2 Update Target Flow Rate ●​ Request Endpoint: POST /api/v2/config/parameters"
228,E.pdf,1,4283c023-732b-4278-afab-ed39f4de33e2,G.pdf,1,e42eff19-3994-404b-9c30-514883ebf634,0.012873,0.193850,0.000000,0.000000,0.073390,0,,,PERCENT|TEMPERATURE,MODEL_NUMBER,"tagged out (LOTO) prior to terminal connection. ●​ Grounding: Ensure protective earth (PE) grounding is established with a maximum impedance of < 0.5 Ω. 2. Environmental & Mounting Specifications 2.1 Environmental Requirements To ensure continuous operation and preserve hardware longevity, the installation location must comply with the environmental operating parameters listed below. Environmental Parameter Specification Requirement Operating Temperature -10°C to 55°C (14°F to 131°F) Storage Temperature -20°C to 70°C (-4°F to 158°F) Relative Humidity 5% to 90% Non-Condensing","XR-500 Industrial Controller Configuration & API Reference Document ID: DOC-XR500-API-v1.4 Protocol Version: REST API v2 / Modbus-TCP v1.1 1. Communication Settings & Interface Protocols 1.1 Network Configuration The XR-500 system provides dual Ethernet interfaces (ETH1, ETH2) supporting standard industrial communications including Modbus/TCP, EtherNet/IP, and a native RESTful JSON API. ●​ Default Interface (ETH1): Static IP 192.168.1.100 ●​ Default Port Settings: ○​ Web GUI / REST API: Port 80 / 443 ○​ Modbus/TCP: Port 502 ●​ Network Timeout Setting: ○​ Parameter NET_TIMEOUT_MS: Default 3000 ms (Allowed Range: 500 – 10000 ms) ○​ Network Retry Attempts (NET_RETRY_CNT): Default 3 (Allowed Range: 1 – 5) 2. System Configuration Parameters 2.1 Configurable Register Map"
229,E.pdf,3,9a914e1d-6b14-4390-8b34-12d11b581ae2,F.pdf,2,b733a4e5-dbeb-49c1-b5a9-3399a59e936e,0.064749,0.153196,0.000000,0.000000,0.073280,0,,,VOLTAGE,DATE|TEMPERATURE,4.2 Initial Power-Up Sequence 1.​ Apply 24 VDC power to TB-A. 2.​ Observe the front panel diagnostic LEDs: ○​ POWER LED: Solid Green within 3 seconds. ○​ STATUS LED: Blinking Amber during system bootloader execution (approx. 20 seconds). ○​ SYSTEM READY LED: Solid Green upon boot completion. 3.​ Connect an Ethernet cable from the configuration workstation to Port 1 (ETH1). 4.​ Default Factory IP Address: 192.168.1.100 (Subnet Mask: 255.255.255.0). 5.​ Open a browser and navigate to [http://192.168.1.100](http://192.168.1.100) to launch the Initial Setup Wizard.,"2.2 Normal Shutdown Procedure 1.​ Disengage automatic sequence control on the supervisory workstation. 2.​ Issue the CMD_STOP command or hold the front panel STOP button for 3 seconds. 3.​ Allow the recirculation pump to run in flush mode for 120 seconds to cool internal drive elements. 4.​ Once fluid temperature drops below 35°C, close main inlet valves V-101 and V-102. 3. Preventive Maintenance Schedules 3.1 Periodic Maintenance Table To maintain operational integrity and system compliance, perform scheduled maintenance tasks strictly according to the intervals listed below. 1.​ +------------------+-----------------------------------------------+---------------+ 2.​ | Interval | Task Description | Responsible |"
230,H.pdf,1,9d2908ba-a3cf-4853-a950-d7c4fc077a6e,F.pdf,1,d58b93a3-02fc-4970-b004-0134b0641aba,0.024920,0.183814,0.000000,0.000000,0.073151,0,,,DATE|MODEL_NUMBER|QUANTITY,PERCENT|PRESSURE,"XR-500 Industrial Controller Safety & Standard Operating Procedure (SOP) Document ID: SOP-XR500-SAF-002 Effective Date: January 15, 2026 Revision: Rev 4 1. Safety Requirements & Compliance 1.1 Personal Protective Equipment (PPE) All operators and maintenance technicians working within 2 meters of the XR-500 controlled process skid must wear the following mandatory safety gear: ●​ Safety Glasses with side shields (ANSI Z87.1 approved) ●​ Steel-toe work boots (ASTM F2413) ●​ Heat-resistant and chemical-resistant gloves (EN 374 compliant) 1.2 Interlock & Safety Systems The XR-500 is equipped with redundant dual-channel safety circuits. Under no circumstances should safety interlocks, enclosure door microswitches, or pressure relief valves be bypassed or jumpered.",Continuous (24/7) 100% Load — 2. Normal Operating Procedures 2.1 System Startup 1.​ Ensure the main electrical disconnect switch is placed in the ON position. 2.​ Verify system boot completion via the HMI display reading: STATUS: READY. 3.​ Press the blue RUN button on the control panel door or issue the CMD_START command viaModbus/TCP. 4.​ Verify system pressure stabilizes between 2.5 bar and 4.0 bar within 30 seconds of pump engagement.
231,E.pdf,1,4283c023-732b-4278-afab-ed39f4de33e2,H.pdf,2,77fb0e52-48b0-4c2a-9aa2-5f9f05af5a77,0.006875,0.191722,0.000000,0.000000,0.070945,0,,,PERCENT|TEMPERATURE,DATE|PRESSURE,"tagged out (LOTO) prior to terminal connection. ●​ Grounding: Ensure protective earth (PE) grounding is established with a maximum impedance of < 0.5 Ω. 2. Environmental & Mounting Specifications 2.1 Environmental Requirements To ensure continuous operation and preserve hardware longevity, the installation location must comply with the environmental operating parameters listed below. Environmental Parameter Specification Requirement Operating Temperature -10°C to 55°C (14°F to 131°F) Storage Temperature -20°C to 70°C (-4°F to 158°F) Relative Humidity 5% to 90% Non-Condensing","In the event of fluid leaks, abnormal noise, smoke, or uncontrolled parameter runaway: 1.​ Press the nearest Physical Emergency Stop (E-Stop) Button located on the front cabinet door or remote panel station. 2.​ The controller automatically drops the main isolation contactor within < 50 ms, removing power from all connected actuator solenoids and motor drives. 3.​ Close manual fluid isolation valves V-101 (Inlet) and V-102 (Outlet). 4.​ Verify system pressure gauge indicates 0.0 bar before approaching the fluid manifold assembly. 5.​ Notify the Area Safety Supervisor and file an Incident Log Report. 4. Routine Safety Inspection Procedure Perform weekly safety checks according to the following checklist:"
232,E.pdf,1,4283c023-732b-4278-afab-ed39f4de33e2,G.pdf,2,f82da7a8-0b0b-41f2-97f0-8770de3277c0,0.030408,0.169219,0.000000,0.000000,0.069433,0,,,PERCENT|TEMPERATURE,,"tagged out (LOTO) prior to terminal connection. ●​ Grounding: Ensure protective earth (PE) grounding is established with a maximum impedance of < 0.5 Ω. 2. Environmental & Mounting Specifications 2.1 Environmental Requirements To ensure continuous operation and preserve hardware longevity, the installation location must comply with the environmental operating parameters listed below. Environmental Parameter Specification Requirement Operating Temperature -10°C to 55°C (14°F to 131°F) Storage Temperature -20°C to 70°C (-4°F to 158°F) Relative Humidity 5% to 90% Non-Condensing","9.​ ""supply_voltage_vdc"": 24.1 10.​ }, 11.​ ""status_code"": 200 12.​} 3.2 Update Target Flow Rate ●​ Request Endpoint: POST /api/v2/config/parameters"
233,E.pdf,2,355ae0c7-e9ed-433e-8e27-a8bd7140064d,H.pdf,2,77fb0e52-48b0-4c2a-9aa2-5f9f05af5a77,0.023357,0.173720,0.000000,0.000000,0.069079,0,,,MODEL_NUMBER|QUANTITY,DATE|PRESSURE,"Enclosure Rating NEMA 4X / IP66 Maximum Vibration 2.5 g RMS (10 Hz – 500 Hz) Maximum Altitude 2,000 meters (6,560 feet) above sea level 2.2 Mechanical Installation 1.​ Secure the mounting bracket to a flat, vertical structural surface using four (4) M6 hex bolts torque-rated to 8.5 N·m. 2.​ Align the mounting tabs on the rear enclosure of the XR-500 with the bracket slots. 3.​ Slide the unit down until the latch mechanism engages with a distinct click. 4.​ Verify clear space around the unit housing: minimum 100 mm top/bottom and 50 mm left/right for thermal dissipation. 3. Electrical & Power Wiring 3.1 Power Supply Specifications The XR-500 contains an auto-sensing internal power supply module designed to accommodate wide input ranges.","In the event of fluid leaks, abnormal noise, smoke, or uncontrolled parameter runaway: 1.​ Press the nearest Physical Emergency Stop (E-Stop) Button located on the front cabinet door or remote panel station. 2.​ The controller automatically drops the main isolation contactor within < 50 ms, removing power from all connected actuator solenoids and motor drives. 3.​ Close manual fluid isolation valves V-101 (Inlet) and V-102 (Outlet). 4.​ Verify system pressure gauge indicates 0.0 bar before approaching the fluid manifold assembly. 5.​ Notify the Area Safety Supervisor and file an Incident Log Report. 4. Routine Safety Inspection Procedure Perform weekly safety checks according to the following checklist:"
234,I.pdf,2,73fb8999-5eb8-4d44-b107-54cc7964bc12,G.pdf,1,e42eff19-3994-404b-9c30-514883ebf634,0.010900,0.183389,0.000000,0.000000,0.069072,0,,,DATE,MODEL_NUMBER,"Erratic Flow Measurements Air trapped in flow transducer or corrupted calibration Verify actual volumetric flow rate with external reference meter Perform zero-point calibration sequence; clean internal sensor body 2. Service & Maintenance Limits 2.1 Major Maintenance Intervals & Service Limits Component wear items must be replaced based on run-hours or calendar time—whichever occurs first—to avoid unexpected system downtime. ●​ Air Filter Replacement: Every 6 Months or 2,000 Operating Hours ●​ System Backup Battery Replacement: Every 36 Months or upon low-voltage alarm (ERR_301) ●​ Complete System Preventive Maintenance (PM) Cycle: Every 6 Months ●​ Full Valve & Seal Replacement Overhaul: Every 24 Months or 10,000 Operating Hours","XR-500 Industrial Controller Configuration & API Reference Document ID: DOC-XR500-API-v1.4 Protocol Version: REST API v2 / Modbus-TCP v1.1 1. Communication Settings & Interface Protocols 1.1 Network Configuration The XR-500 system provides dual Ethernet interfaces (ETH1, ETH2) supporting standard industrial communications including Modbus/TCP, EtherNet/IP, and a native RESTful JSON API. ●​ Default Interface (ETH1): Static IP 192.168.1.100 ●​ Default Port Settings: ○​ Web GUI / REST API: Port 80 / 443 ○​ Modbus/TCP: Port 502 ●​ Network Timeout Setting: ○​ Parameter NET_TIMEOUT_MS: Default 3000 ms (Allowed Range: 500 – 10000 ms) ○​ Network Retry Attempts (NET_RETRY_CNT): Default 3 (Allowed Range: 1 – 5) 2. System Configuration Parameters 2.1 Configurable Register Map"
235,E.pdf,3,9a914e1d-6b14-4390-8b34-12d11b581ae2,F.pdf,2,cb5e5c0c-c015-4dca-8e80-14a38fcde0e2,0.037280,0.161846,0.000000,0.000000,0.068703,0,,,VOLTAGE,DATE|MODEL_NUMBER|QUANTITY,4.2 Initial Power-Up Sequence 1.​ Apply 24 VDC power to TB-A. 2.​ Observe the front panel diagnostic LEDs: ○​ POWER LED: Solid Green within 3 seconds. ○​ STATUS LED: Blinking Amber during system bootloader execution (approx. 20 seconds). ○​ SYSTEM READY LED: Solid Green upon boot completion. 3.​ Connect an Ethernet cable from the configuration workstation to Port 1 (ETH1). 4.​ Default Factory IP Address: 192.168.1.100 (Subnet Mask: 255.255.255.0). 5.​ Open a browser and navigate to [http://192.168.1.100](http://192.168.1.100) to launch the Initial Setup Wizard.,"2.​ | Interval | Task Description | Responsible | 3.​ +------------------+-----------------------------------------------+---------------+ 4.​ | Daily | Visual inspection of status LEDs and display | Operator | 5.​ | Monthly | Check pressure sensor calibration zero-points | Maintenance | 6.​ | Every 6 Months | Clean/replace internal panel air filter | Maintenance | 7.​ | Every 1,000 Hrs | Replace internal system battery (CR2032) | Lead Tech | 8.​ | Every 12 Months | Full physical seal and valve diaphragm overhaul | Certified Tech| 9.​ +------------------+-----------------------------------------------+---------------+ 3.2 Air Filter Replacement"
236,E.pdf,1,4283c023-732b-4278-afab-ed39f4de33e2,I.pdf,2,73fb8999-5eb8-4d44-b107-54cc7964bc12,0.021008,0.173943,0.000000,0.000000,0.068502,0,,,PERCENT|TEMPERATURE,DATE,"tagged out (LOTO) prior to terminal connection. ●​ Grounding: Ensure protective earth (PE) grounding is established with a maximum impedance of < 0.5 Ω. 2. Environmental & Mounting Specifications 2.1 Environmental Requirements To ensure continuous operation and preserve hardware longevity, the installation location must comply with the environmental operating parameters listed below. Environmental Parameter Specification Requirement Operating Temperature -10°C to 55°C (14°F to 131°F) Storage Temperature -20°C to 70°C (-4°F to 158°F) Relative Humidity 5% to 90% Non-Condensing","Erratic Flow Measurements Air trapped in flow transducer or corrupted calibration Verify actual volumetric flow rate with external reference meter Perform zero-point calibration sequence; clean internal sensor body 2. Service & Maintenance Limits 2.1 Major Maintenance Intervals & Service Limits Component wear items must be replaced based on run-hours or calendar time—whichever occurs first—to avoid unexpected system downtime. ●​ Air Filter Replacement: Every 6 Months or 2,000 Operating Hours ●​ System Backup Battery Replacement: Every 36 Months or upon low-voltage alarm (ERR_301) ●​ Complete System Preventive Maintenance (PM) Cycle: Every 6 Months ●​ Full Valve & Seal Replacement Overhaul: Every 24 Months or 10,000 Operating Hours"
237,I.pdf,2,6a026bc6-ef58-41a7-a723-d51f2969ad1b,G.pdf,2,f82da7a8-0b0b-41f2-97f0-8770de3277c0,0.039954,0.157343,0.000000,0.000000,0.067831,0,,,PERCENT,,"3.​ Open terminal console and issue ping test: ping 192.168.1.100 -n 10. 4.​ If packet loss exceeds 0%, inspect cable terminations and verify NET_TIMEOUT_MS register is set to standard default of 3000 ms. 5.​ If communication remains unresponsive, press and hold the internal REBOOT pinhole button for 5 seconds to restore factory network parameters. 1.​","9.​ ""supply_voltage_vdc"": 24.1 10.​ }, 11.​ ""status_code"": 200 12.​} 3.2 Update Target Flow Rate ●​ Request Endpoint: POST /api/v2/config/parameters"
238,H.pdf,2,77fb0e52-48b0-4c2a-9aa2-5f9f05af5a77,G.pdf,2,f82da7a8-0b0b-41f2-97f0-8770de3277c0,0.000000,0.184492,0.000000,0.000000,0.066417,0,,,DATE|PRESSURE,,"In the event of fluid leaks, abnormal noise, smoke, or uncontrolled parameter runaway: 1.​ Press the nearest Physical Emergency Stop (E-Stop) Button located on the front cabinet door or remote panel station. 2.​ The controller automatically drops the main isolation contactor within < 50 ms, removing power from all connected actuator solenoids and motor drives. 3.​ Close manual fluid isolation valves V-101 (Inlet) and V-102 (Outlet). 4.​ Verify system pressure gauge indicates 0.0 bar before approaching the fluid manifold assembly. 5.​ Notify the Area Safety Supervisor and file an Incident Log Report. 4. Routine Safety Inspection Procedure Perform weekly safety checks according to the following checklist:","9.​ ""supply_voltage_vdc"": 24.1 10.​ }, 11.​ ""status_code"": 200 12.​} 3.2 Update Target Flow Rate ●​ Request Endpoint: POST /api/v2/config/parameters"
239,H.pdf,1,a38693a6-7010-43f9-93cb-57ac82ab6ae0,I.pdf,2,49527977-1189-487c-9c96-3be3fa2ec9fa,0.025535,0.164329,0.000000,0.000000,0.066308,0,,,PRESSURE,DATE|QUANTITY|VOLTAGE,"jumpered. 2. Operational Safety Limits & Prohibited Conditions 2.1 Critical Safety Thresholds To prevent catastrophic mechanical failure or fluid line rupture, the unit MUST NOT be operated outside the strict safety limits defined below. 1.​ =================================================================== ============ 2.​ CRITICAL SAFETY OPERATING BOUNDARIES 3.​ =================================================================== ============ 4.​ Parameter Absolute Safety Limit Action On Exceedance 5.​ ------------------------------------------------------------------------------- 6.​ Maximum System Pressure 10.5 bar Immediate Pressure Relief Valve trip","●​ Full Valve & Seal Replacement Overhaul: Every 24 Months or 10,000 Operating Hours 2.2 Fuse & Electrical Component Replacement If primary power does not initiate, verify incoming lines before replacing internal components: 1.​ Isolate incoming DC power. 2.​ Open lower terminal housing panel. 3.​ Inspect main fuse F1 (5 A, 250 V, Fast-Acting Ceramic 5x20 mm). 4.​ Replace only with identical rated fuse (Part No. FUS-5A-FA). 3. Diagnostic Procedures 3.1 Network Communication Test Procedure 1.​ Connect laptop directly to Port ETH1 using a standard Cat6 Ethernet patch cable. 2.​ Configure workstation static IP to 192.168.1.150, Subnet 255.255.255.0. 3.​ Open terminal console and issue ping test: ping 192.168.1.100 -n 10."
240,H.pdf,2,c04bec4a-b16c-4e2d-893d-8cd2f8e3bed0,G.pdf,1,e42eff19-3994-404b-9c30-514883ebf634,0.011309,0.164478,0.000000,0.000000,0.062379,0,,,FLOW_RATE|TEMPERATURE|VOLTAGE,MODEL_NUMBER,"7.​ Maximum Line Flow Rate 180.0 L/min Pump Drive Overload Trip 8.​ Ambient Operating Temp -10°C to 40°C System Thermal Lockout 9.​ Maximum Supply Voltage 30.0 VDC Power Board Overvoltage Shutdown 10.​=================================================================== ============ 2.2 Prohibited Actions ●​ NEVER attempt to modify electrical wiring without disabling incoming DC breaker. ●​ NEVER operate the controller in environments where ambient temperature exceeds 40°C. ●​ NEVER clear fault logs while the process skid is active in AUTO mode. 3. Emergency Shutdown Procedure (E-STOP) In the event of fluid leaks, abnormal noise, smoke, or uncontrolled parameter runaway:","XR-500 Industrial Controller Configuration & API Reference Document ID: DOC-XR500-API-v1.4 Protocol Version: REST API v2 / Modbus-TCP v1.1 1. Communication Settings & Interface Protocols 1.1 Network Configuration The XR-500 system provides dual Ethernet interfaces (ETH1, ETH2) supporting standard industrial communications including Modbus/TCP, EtherNet/IP, and a native RESTful JSON API. ●​ Default Interface (ETH1): Static IP 192.168.1.100 ●​ Default Port Settings: ○​ Web GUI / REST API: Port 80 / 443 ○​ Modbus/TCP: Port 502 ●​ Network Timeout Setting: ○​ Parameter NET_TIMEOUT_MS: Default 3000 ms (Allowed Range: 500 – 10000 ms) ○​ Network Retry Attempts (NET_RETRY_CNT): Default 3 (Allowed Range: 1 – 5) 2. System Configuration Parameters 2.1 Configurable Register Map"
241,E.pdf,2,355ae0c7-e9ed-433e-8e27-a8bd7140064d,F.pdf,1,d58b93a3-02fc-4970-b004-0134b0641aba,0.027319,0.151815,0.000000,0.000000,0.062303,0,,,MODEL_NUMBER|QUANTITY,PERCENT|PRESSURE,"Enclosure Rating NEMA 4X / IP66 Maximum Vibration 2.5 g RMS (10 Hz – 500 Hz) Maximum Altitude 2,000 meters (6,560 feet) above sea level 2.2 Mechanical Installation 1.​ Secure the mounting bracket to a flat, vertical structural surface using four (4) M6 hex bolts torque-rated to 8.5 N·m. 2.​ Align the mounting tabs on the rear enclosure of the XR-500 with the bracket slots. 3.​ Slide the unit down until the latch mechanism engages with a distinct click. 4.​ Verify clear space around the unit housing: minimum 100 mm top/bottom and 50 mm left/right for thermal dissipation. 3. Electrical & Power Wiring 3.1 Power Supply Specifications The XR-500 contains an auto-sensing internal power supply module designed to accommodate wide input ranges.",Continuous (24/7) 100% Load — 2. Normal Operating Procedures 2.1 System Startup 1.​ Ensure the main electrical disconnect switch is placed in the ON position. 2.​ Verify system boot completion via the HMI display reading: STATUS: READY. 3.​ Press the blue RUN button on the control panel door or issue the CMD_START command viaModbus/TCP. 4.​ Verify system pressure stabilizes between 2.5 bar and 4.0 bar within 30 seconds of pump engagement.
242,H.pdf,2,77fb0e52-48b0-4c2a-9aa2-5f9f05af5a77,G.pdf,1,e42eff19-3994-404b-9c30-514883ebf634,0.021105,0.156300,0.000000,0.000000,0.062177,0,,,DATE|PRESSURE,MODEL_NUMBER,"In the event of fluid leaks, abnormal noise, smoke, or uncontrolled parameter runaway: 1.​ Press the nearest Physical Emergency Stop (E-Stop) Button located on the front cabinet door or remote panel station. 2.​ The controller automatically drops the main isolation contactor within < 50 ms, removing power from all connected actuator solenoids and motor drives. 3.​ Close manual fluid isolation valves V-101 (Inlet) and V-102 (Outlet). 4.​ Verify system pressure gauge indicates 0.0 bar before approaching the fluid manifold assembly. 5.​ Notify the Area Safety Supervisor and file an Incident Log Report. 4. Routine Safety Inspection Procedure Perform weekly safety checks according to the following checklist:","XR-500 Industrial Controller Configuration & API Reference Document ID: DOC-XR500-API-v1.4 Protocol Version: REST API v2 / Modbus-TCP v1.1 1. Communication Settings & Interface Protocols 1.1 Network Configuration The XR-500 system provides dual Ethernet interfaces (ETH1, ETH2) supporting standard industrial communications including Modbus/TCP, EtherNet/IP, and a native RESTful JSON API. ●​ Default Interface (ETH1): Static IP 192.168.1.100 ●​ Default Port Settings: ○​ Web GUI / REST API: Port 80 / 443 ○​ Modbus/TCP: Port 502 ●​ Network Timeout Setting: ○​ Parameter NET_TIMEOUT_MS: Default 3000 ms (Allowed Range: 500 – 10000 ms) ○​ Network Retry Attempts (NET_RETRY_CNT): Default 3 (Allowed Range: 1 – 5) 2. System Configuration Parameters 2.1 Configurable Register Map"
243,E.pdf,2,355ae0c7-e9ed-433e-8e27-a8bd7140064d,I.pdf,2,73fb8999-5eb8-4d44-b107-54cc7964bc12,0.025795,0.150122,0.000000,0.000000,0.061267,0,,,MODEL_NUMBER|QUANTITY,DATE,"Enclosure Rating NEMA 4X / IP66 Maximum Vibration 2.5 g RMS (10 Hz – 500 Hz) Maximum Altitude 2,000 meters (6,560 feet) above sea level 2.2 Mechanical Installation 1.​ Secure the mounting bracket to a flat, vertical structural surface using four (4) M6 hex bolts torque-rated to 8.5 N·m. 2.​ Align the mounting tabs on the rear enclosure of the XR-500 with the bracket slots. 3.​ Slide the unit down until the latch mechanism engages with a distinct click. 4.​ Verify clear space around the unit housing: minimum 100 mm top/bottom and 50 mm left/right for thermal dissipation. 3. Electrical & Power Wiring 3.1 Power Supply Specifications The XR-500 contains an auto-sensing internal power supply module designed to accommodate wide input ranges.","Erratic Flow Measurements Air trapped in flow transducer or corrupted calibration Verify actual volumetric flow rate with external reference meter Perform zero-point calibration sequence; clean internal sensor body 2. Service & Maintenance Limits 2.1 Major Maintenance Intervals & Service Limits Component wear items must be replaced based on run-hours or calendar time—whichever occurs first—to avoid unexpected system downtime. ●​ Air Filter Replacement: Every 6 Months or 2,000 Operating Hours ●​ System Backup Battery Replacement: Every 36 Months or upon low-voltage alarm (ERR_301) ●​ Complete System Preventive Maintenance (PM) Cycle: Every 6 Months ●​ Full Valve & Seal Replacement Overhaul: Every 24 Months or 10,000 Operating Hours"
244,E.pdf,1,f325c245-d303-4f0e-981f-72a11053f0e0,I.pdf,2,6a026bc6-ef58-41a7-a723-d51f2969ad1b,0.031266,0.144457,0.000000,0.000000,0.060759,0,,,MODEL_NUMBER,PERCENT,"XR-500 Industrial Controller Installation & Commissioning Guide Document ID: DOC-XR500-INS-v2.1 Target Model: XR-500-A1 / XR-500-B1 1. General Overview & Safety Precautions 1.1 Safety Overview The XR-500 Industrial Controller is a high-reliability control unit designed for heavy manufacturing, process control, and automated fluid management systems. Standard electrical and industrial safety procedures must be observed at all times during installation and commissioning. ●​ Qualified Personnel: Only certified control technicians or licensed electricians should perform electrical wiring and physical mounting. ●​ Isolation: Always verify main incoming power feeds are de-energized, locked out, and tagged out (LOTO) prior to terminal connection.","3.​ Open terminal console and issue ping test: ping 192.168.1.100 -n 10. 4.​ If packet loss exceeds 0%, inspect cable terminations and verify NET_TIMEOUT_MS register is set to standard default of 3000 ms. 5.​ If communication remains unresponsive, press and hold the internal REBOOT pinhole button for 5 seconds to restore factory network parameters. 1.​"
245,G.pdf,1,e42eff19-3994-404b-9c30-514883ebf634,F.pdf,2,b733a4e5-dbeb-49c1-b5a9-3399a59e936e,0.000000,0.167397,0.000000,0.000000,0.060263,0,,,MODEL_NUMBER,DATE|TEMPERATURE,"XR-500 Industrial Controller Configuration & API Reference Document ID: DOC-XR500-API-v1.4 Protocol Version: REST API v2 / Modbus-TCP v1.1 1. Communication Settings & Interface Protocols 1.1 Network Configuration The XR-500 system provides dual Ethernet interfaces (ETH1, ETH2) supporting standard industrial communications including Modbus/TCP, EtherNet/IP, and a native RESTful JSON API. ●​ Default Interface (ETH1): Static IP 192.168.1.100 ●​ Default Port Settings: ○​ Web GUI / REST API: Port 80 / 443 ○​ Modbus/TCP: Port 502 ●​ Network Timeout Setting: ○​ Parameter NET_TIMEOUT_MS: Default 3000 ms (Allowed Range: 500 – 10000 ms) ○​ Network Retry Attempts (NET_RETRY_CNT): Default 3 (Allowed Range: 1 – 5) 2. System Configuration Parameters 2.1 Configurable Register Map","2.2 Normal Shutdown Procedure 1.​ Disengage automatic sequence control on the supervisory workstation. 2.​ Issue the CMD_STOP command or hold the front panel STOP button for 3 seconds. 3.​ Allow the recirculation pump to run in flush mode for 120 seconds to cool internal drive elements. 4.​ Once fluid temperature drops below 35°C, close main inlet valves V-101 and V-102. 3. Preventive Maintenance Schedules 3.1 Periodic Maintenance Table To maintain operational integrity and system compliance, perform scheduled maintenance tasks strictly according to the intervals listed below. 1.​ +------------------+-----------------------------------------------+---------------+ 2.​ | Interval | Task Description | Responsible |"
246,H.pdf,2,c04bec4a-b16c-4e2d-893d-8cd2f8e3bed0,I.pdf,2,6a026bc6-ef58-41a7-a723-d51f2969ad1b,0.031760,0.140849,0.000000,0.000000,0.059598,0,,,FLOW_RATE|TEMPERATURE|VOLTAGE,PERCENT,"7.​ Maximum Line Flow Rate 180.0 L/min Pump Drive Overload Trip 8.​ Ambient Operating Temp -10°C to 40°C System Thermal Lockout 9.​ Maximum Supply Voltage 30.0 VDC Power Board Overvoltage Shutdown 10.​=================================================================== ============ 2.2 Prohibited Actions ●​ NEVER attempt to modify electrical wiring without disabling incoming DC breaker. ●​ NEVER operate the controller in environments where ambient temperature exceeds 40°C. ●​ NEVER clear fault logs while the process skid is active in AUTO mode. 3. Emergency Shutdown Procedure (E-STOP) In the event of fluid leaks, abnormal noise, smoke, or uncontrolled parameter runaway:","3.​ Open terminal console and issue ping test: ping 192.168.1.100 -n 10. 4.​ If packet loss exceeds 0%, inspect cable terminations and verify NET_TIMEOUT_MS register is set to standard default of 3000 ms. 5.​ If communication remains unresponsive, press and hold the internal REBOOT pinhole button for 5 seconds to restore factory network parameters. 1.​"
247,E.pdf,3,9a914e1d-6b14-4390-8b34-12d11b581ae2,G.pdf,2,c7a714d5-13f8-41d3-a3a8-d40a3a1bbdc1,0.031684,0.137855,0.000000,0.000000,0.058499,0,,,VOLTAGE,DATE|MODEL_NUMBER|TEMPERATURE,4.2 Initial Power-Up Sequence 1.​ Apply 24 VDC power to TB-A. 2.​ Observe the front panel diagnostic LEDs: ○​ POWER LED: Solid Green within 3 seconds. ○​ STATUS LED: Blinking Amber during system bootloader execution (approx. 20 seconds). ○​ SYSTEM READY LED: Solid Green upon boot completion. 3.​ Connect an Ethernet cable from the configuration workstation to Port 1 (ETH1). 4.​ Default Factory IP Address: 192.168.1.100 (Subnet Mask: 255.255.255.0). 5.​ Open a browser and navigate to [http://192.168.1.100](http://192.168.1.100) to launch the Initial Setup Wizard.,"40012 FLOW_TARGET FLOAT3 2 80.0 0.0 – 180.0 L/mi n Operational target flow rate 40020 TEMP_TRIP_SET FLOAT3 2 60.0 20.0 – 75.0 °C Upper temperature emergency shutdown threshold 40033 COM_TIMEOUT UINT16 5000 1000 – 30000 ms API communicatio n keep-alive timeout 3. REST API Interface Examples 3.1 Get System Status ●​ Request Endpoint: GET /api/v2/system/status ●​ Headers: Authorization: Bearer <token> ●​ Sample JSON Response: JSON 1.​ { 2.​ ""device_id"": ""XR500-88492"", 3.​ ""firmware_version"": ""v2.4.1"", 4.​ ""system_state"": ""RUNNING"", 5.​ ""telemetry"": { 6.​ ""operating_pressure_bar"": 4.2, 7.​ ""flow_rate_lpm"": 85.0, 8.​ ""internal_temp_c"": 38.5, 9.​ ""supply_voltage_vdc"": 24.1 10.​ }, 11.​ ""status_code"": 200 12.​}"
248,E.pdf,3,9a914e1d-6b14-4390-8b34-12d11b581ae2,H.pdf,2,77fb0e52-48b0-4c2a-9aa2-5f9f05af5a77,0.017138,0.148103,0.000000,0.000000,0.058116,0,,,VOLTAGE,DATE|PRESSURE,4.2 Initial Power-Up Sequence 1.​ Apply 24 VDC power to TB-A. 2.​ Observe the front panel diagnostic LEDs: ○​ POWER LED: Solid Green within 3 seconds. ○​ STATUS LED: Blinking Amber during system bootloader execution (approx. 20 seconds). ○​ SYSTEM READY LED: Solid Green upon boot completion. 3.​ Connect an Ethernet cable from the configuration workstation to Port 1 (ETH1). 4.​ Default Factory IP Address: 192.168.1.100 (Subnet Mask: 255.255.255.0). 5.​ Open a browser and navigate to [http://192.168.1.100](http://192.168.1.100) to launch the Initial Setup Wizard.,"In the event of fluid leaks, abnormal noise, smoke, or uncontrolled parameter runaway: 1.​ Press the nearest Physical Emergency Stop (E-Stop) Button located on the front cabinet door or remote panel station. 2.​ The controller automatically drops the main isolation contactor within < 50 ms, removing power from all connected actuator solenoids and motor drives. 3.​ Close manual fluid isolation valves V-101 (Inlet) and V-102 (Outlet). 4.​ Verify system pressure gauge indicates 0.0 bar before approaching the fluid manifold assembly. 5.​ Notify the Area Safety Supervisor and file an Incident Log Report. 4. Routine Safety Inspection Procedure Perform weekly safety checks according to the following checklist:"
249,E.pdf,2,a933003d-a35e-4634-9b7f-89af44bf33cb,G.pdf,2,f82da7a8-0b0b-41f2-97f0-8770de3277c0,0.000000,0.159885,0.000000,0.000000,0.057559,0,,,,,2.​ Confirm that analog and digital expansion module ribbon cables are fully seated. 3.​ Verify line pressure on connected fluid lines is reduced to ambient prior to initial power-up.,"9.​ ""supply_voltage_vdc"": 24.1 10.​ }, 11.​ ""status_code"": 200 12.​} 3.2 Update Target Flow Rate ●​ Request Endpoint: POST /api/v2/config/parameters"
250,E.pdf,2,a933003d-a35e-4634-9b7f-89af44bf33cb,G.pdf,1,e42eff19-3994-404b-9c30-514883ebf634,0.000000,0.155401,0.000000,0.000000,0.055944,0,,,,MODEL_NUMBER,2.​ Confirm that analog and digital expansion module ribbon cables are fully seated. 3.​ Verify line pressure on connected fluid lines is reduced to ambient prior to initial power-up.,"XR-500 Industrial Controller Configuration & API Reference Document ID: DOC-XR500-API-v1.4 Protocol Version: REST API v2 / Modbus-TCP v1.1 1. Communication Settings & Interface Protocols 1.1 Network Configuration The XR-500 system provides dual Ethernet interfaces (ETH1, ETH2) supporting standard industrial communications including Modbus/TCP, EtherNet/IP, and a native RESTful JSON API. ●​ Default Interface (ETH1): Static IP 192.168.1.100 ●​ Default Port Settings: ○​ Web GUI / REST API: Port 80 / 443 ○​ Modbus/TCP: Port 502 ●​ Network Timeout Setting: ○​ Parameter NET_TIMEOUT_MS: Default 3000 ms (Allowed Range: 500 – 10000 ms) ○​ Network Retry Attempts (NET_RETRY_CNT): Default 3 (Allowed Range: 1 – 5) 2. System Configuration Parameters 2.1 Configurable Register Map"
251,E.pdf,2,b7807dc3-07ae-4788-93a6-7f720c6aed18,I.pdf,2,6a026bc6-ef58-41a7-a723-d51f2969ad1b,0.036892,0.125809,0.000000,0.000000,0.055621,0,,,DATE|TEMPERATURE|VOLTAGE,PERCENT,wide input ranges. ●​ Primary Power Input: 24 VDC Nominal (Acceptable Range: 18.0 VDC to 32.0 VDC) ●​ Maximum Power Consumption: 45 W Peak (32 W typical) ●​ Inrush Current: < 12 A for < 5 ms ●​ Circuit Breaker Requirement: 5 A slow-blow fuse or dedicated miniature circuit breaker (MCB) 3.2 Terminal Pinouts Connect all primary power wiring to Terminal Block A (TB-A) using 16 AWG stranded copper wire rated for 90°C. ●​ TB-A Pin 1: +24 VDC Line ●​ TB-A Pin 2: DC Return (GND) ●​ TB-A Pin 3: Protective Earth (PE Chassis Ground) 4. Initial Commissioning Procedure 4.1 Pre-Power Checks 1.​ Inspect all physical wire connections for correct polarity and mechanical firmness. 2.​ Confirm that analog and digital expansion module ribbon cables are fully seated.,"3.​ Open terminal console and issue ping test: ping 192.168.1.100 -n 10. 4.​ If packet loss exceeds 0%, inspect cable terminations and verify NET_TIMEOUT_MS register is set to standard default of 3000 ms. 5.​ If communication remains unresponsive, press and hold the internal REBOOT pinhole button for 5 seconds to restore factory network parameters. 1.​"
252,E.pdf,1,f325c245-d303-4f0e-981f-72a11053f0e0,G.pdf,2,f82da7a8-0b0b-41f2-97f0-8770de3277c0,0.040971,0.118379,0.000000,0.000000,0.054089,0,,,MODEL_NUMBER,,"XR-500 Industrial Controller Installation & Commissioning Guide Document ID: DOC-XR500-INS-v2.1 Target Model: XR-500-A1 / XR-500-B1 1. General Overview & Safety Precautions 1.1 Safety Overview The XR-500 Industrial Controller is a high-reliability control unit designed for heavy manufacturing, process control, and automated fluid management systems. Standard electrical and industrial safety procedures must be observed at all times during installation and commissioning. ●​ Qualified Personnel: Only certified control technicians or licensed electricians should perform electrical wiring and physical mounting. ●​ Isolation: Always verify main incoming power feeds are de-energized, locked out, and tagged out (LOTO) prior to terminal connection.","9.​ ""supply_voltage_vdc"": 24.1 10.​ }, 11.​ ""status_code"": 200 12.​} 3.2 Update Target Flow Rate ●​ Request Endpoint: POST /api/v2/config/parameters"
253,E.pdf,3,9a914e1d-6b14-4390-8b34-12d11b581ae2,H.pdf,2,72d9c05a-a594-4f5a-a052-4ebd0455683d,0.008945,0.136616,0.000000,0.000000,0.051686,0,,,VOLTAGE,DATE|TEMPERATURE,4.2 Initial Power-Up Sequence 1.​ Apply 24 VDC power to TB-A. 2.​ Observe the front panel diagnostic LEDs: ○​ POWER LED: Solid Green within 3 seconds. ○​ STATUS LED: Blinking Amber during system bootloader execution (approx. 20 seconds). ○​ SYSTEM READY LED: Solid Green upon boot completion. 3.​ Connect an Ethernet cable from the configuration workstation to Port 1 (ETH1). 4.​ Default Factory IP Address: 192.168.1.100 (Subnet Mask: 255.255.255.0). 5.​ Open a browser and navigate to [http://192.168.1.100](http://192.168.1.100) to launch the Initial Setup Wizard.,Perform weekly safety checks according to the following checklist: 1.​ Test Emergency Stop button responsiveness while operating in low-flow test mode. 2.​ Check enclosure door gaskets for signs of degradation or moisture intrusion. 3.​ Inspect ground bonding strap for tightness and freedom from corrosion. 4.​ Verify ambient enclosure temperature reading on HMI panel remains below 40°C during peak operation. 11.​
254,E.pdf,2,355ae0c7-e9ed-433e-8e27-a8bd7140064d,F.pdf,2,b733a4e5-dbeb-49c1-b5a9-3399a59e936e,0.005992,0.137991,0.000000,0.000000,0.051354,0,,,MODEL_NUMBER|QUANTITY,DATE|TEMPERATURE,"Enclosure Rating NEMA 4X / IP66 Maximum Vibration 2.5 g RMS (10 Hz – 500 Hz) Maximum Altitude 2,000 meters (6,560 feet) above sea level 2.2 Mechanical Installation 1.​ Secure the mounting bracket to a flat, vertical structural surface using four (4) M6 hex bolts torque-rated to 8.5 N·m. 2.​ Align the mounting tabs on the rear enclosure of the XR-500 with the bracket slots. 3.​ Slide the unit down until the latch mechanism engages with a distinct click. 4.​ Verify clear space around the unit housing: minimum 100 mm top/bottom and 50 mm left/right for thermal dissipation. 3. Electrical & Power Wiring 3.1 Power Supply Specifications The XR-500 contains an auto-sensing internal power supply module designed to accommodate wide input ranges.","2.2 Normal Shutdown Procedure 1.​ Disengage automatic sequence control on the supervisory workstation. 2.​ Issue the CMD_STOP command or hold the front panel STOP button for 3 seconds. 3.​ Allow the recirculation pump to run in flush mode for 120 seconds to cool internal drive elements. 4.​ Once fluid temperature drops below 35°C, close main inlet valves V-101 and V-102. 3. Preventive Maintenance Schedules 3.1 Periodic Maintenance Table To maintain operational integrity and system compliance, perform scheduled maintenance tasks strictly according to the intervals listed below. 1.​ +------------------+-----------------------------------------------+---------------+ 2.​ | Interval | Task Description | Responsible |"
255,E.pdf,3,9a914e1d-6b14-4390-8b34-12d11b581ae2,H.pdf,1,9d2908ba-a3cf-4853-a950-d7c4fc077a6e,0.000000,0.133240,0.000000,0.000000,0.047967,0,,,VOLTAGE,DATE|MODEL_NUMBER|QUANTITY,4.2 Initial Power-Up Sequence 1.​ Apply 24 VDC power to TB-A. 2.​ Observe the front panel diagnostic LEDs: ○​ POWER LED: Solid Green within 3 seconds. ○​ STATUS LED: Blinking Amber during system bootloader execution (approx. 20 seconds). ○​ SYSTEM READY LED: Solid Green upon boot completion. 3.​ Connect an Ethernet cable from the configuration workstation to Port 1 (ETH1). 4.​ Default Factory IP Address: 192.168.1.100 (Subnet Mask: 255.255.255.0). 5.​ Open a browser and navigate to [http://192.168.1.100](http://192.168.1.100) to launch the Initial Setup Wizard.,"XR-500 Industrial Controller Safety & Standard Operating Procedure (SOP) Document ID: SOP-XR500-SAF-002 Effective Date: January 15, 2026 Revision: Rev 4 1. Safety Requirements & Compliance 1.1 Personal Protective Equipment (PPE) All operators and maintenance technicians working within 2 meters of the XR-500 controlled process skid must wear the following mandatory safety gear: ●​ Safety Glasses with side shields (ANSI Z87.1 approved) ●​ Steel-toe work boots (ASTM F2413) ●​ Heat-resistant and chemical-resistant gloves (EN 374 compliant) 1.2 Interlock & Safety Systems The XR-500 is equipped with redundant dual-channel safety circuits. Under no circumstances should safety interlocks, enclosure door microswitches, or pressure relief valves be bypassed or jumpered."
256,E.pdf,1,4283c023-732b-4278-afab-ed39f4de33e2,I.pdf,1,c89e2dfd-f1ac-4742-b282-2ec9c7b87886,0.000000,0.132812,0.000000,0.000000,0.047812,0,,,PERCENT|TEMPERATURE,MODEL_NUMBER|PRESSURE,"tagged out (LOTO) prior to terminal connection. ●​ Grounding: Ensure protective earth (PE) grounding is established with a maximum impedance of < 0.5 Ω. 2. Environmental & Mounting Specifications 2.1 Environmental Requirements To ensure continuous operation and preserve hardware longevity, the installation location must comply with the environmental operating parameters listed below. Environmental Parameter Specification Requirement Operating Temperature -10°C to 55°C (14°F to 131°F) Storage Temperature -20°C to 70°C (-4°F to 158°F) Relative Humidity 5% to 90% Non-Condensing","XR-500 Industrial Controller Troubleshooting & Service Guide Document ID: DOC-XR500-TSG-v1.2 Target Audience: Field Service Engineers & Maintenance Personnel 1. Fault Isolation & Diagnostic Flow 1.1 General Fault Resolution Matrix When an anomaly occurs, the XR-500 onboard controller logs diagnostic codes to the system event log. Refer to the matrix below for common fault symptoms, root causes, and corrective field procedures. Symptom Probable Cause Diagnostic Step Corrective Action System halts abruptly with ERR_102 Line pressure exceeded upper safety trip point Check historical trend graphs for pressure spikes above 8.0 bar Inspect downstream control valves for blockages; verify valve V-102 opening speed Communication Failure / Dropped Frames"
257,E.pdf,2,b7807dc3-07ae-4788-93a6-7f720c6aed18,G.pdf,1,e42eff19-3994-404b-9c30-514883ebf634,0.019270,0.116399,0.000000,0.000000,0.047299,0,,,DATE|TEMPERATURE|VOLTAGE,MODEL_NUMBER,wide input ranges. ●​ Primary Power Input: 24 VDC Nominal (Acceptable Range: 18.0 VDC to 32.0 VDC) ●​ Maximum Power Consumption: 45 W Peak (32 W typical) ●​ Inrush Current: < 12 A for < 5 ms ●​ Circuit Breaker Requirement: 5 A slow-blow fuse or dedicated miniature circuit breaker (MCB) 3.2 Terminal Pinouts Connect all primary power wiring to Terminal Block A (TB-A) using 16 AWG stranded copper wire rated for 90°C. ●​ TB-A Pin 1: +24 VDC Line ●​ TB-A Pin 2: DC Return (GND) ●​ TB-A Pin 3: Protective Earth (PE Chassis Ground) 4. Initial Commissioning Procedure 4.1 Pre-Power Checks 1.​ Inspect all physical wire connections for correct polarity and mechanical firmness. 2.​ Confirm that analog and digital expansion module ribbon cables are fully seated.,"XR-500 Industrial Controller Configuration & API Reference Document ID: DOC-XR500-API-v1.4 Protocol Version: REST API v2 / Modbus-TCP v1.1 1. Communication Settings & Interface Protocols 1.1 Network Configuration The XR-500 system provides dual Ethernet interfaces (ETH1, ETH2) supporting standard industrial communications including Modbus/TCP, EtherNet/IP, and a native RESTful JSON API. ●​ Default Interface (ETH1): Static IP 192.168.1.100 ●​ Default Port Settings: ○​ Web GUI / REST API: Port 80 / 443 ○​ Modbus/TCP: Port 502 ●​ Network Timeout Setting: ○​ Parameter NET_TIMEOUT_MS: Default 3000 ms (Allowed Range: 500 – 10000 ms) ○​ Network Retry Attempts (NET_RETRY_CNT): Default 3 (Allowed Range: 1 – 5) 2. System Configuration Parameters 2.1 Configurable Register Map"
258,G.pdf,1,56ef5443-1bc1-40c6-83bf-b7d3270d7686,F.pdf,2,493d41e5-bce7-4119-932f-6d740cc2cd63,0.000000,0.125312,0.000000,0.000000,0.045112,0,,,DATE|PRESSURE,MODEL_NUMBER|VOLTAGE,"2. System Configuration Parameters 2.1 Configurable Register Map The following table outlines key internal configuration parameters accessible via Modbus holding registers or REST API endpoints. Registe r Parameter Name Data Type Defaul t Value Allowe d Range Unit Description 40001 SYS_MODE UINT16 1 0 – 3 — 0=Standby, 1=Auto, 2=Manual, 3=Cal 40005 PRESS_MAX_LIM IT FLOAT3 2 8.0 1.0 – 12.0 bar High pressure trip threshold","3.2 Air Filter Replacement 1.​ Disconnect incoming 24 VDC power supply. 2.​ Remove the front enclosure filter cover by unscrewing the four corner thumb screws. 3.​ Remove the saturated filter element (Part No. FLT-XR500-A). 4.​ Insert the new filter element, ensuring airflow direction arrows point inward toward the heatsink assembly. 5.​ Re-secure cover thumb screws hand-tight. 10.​"
259,E.pdf,2,355ae0c7-e9ed-433e-8e27-a8bd7140064d,G.pdf,2,f82da7a8-0b0b-41f2-97f0-8770de3277c0,0.008912,0.108811,0.000000,0.000000,0.041667,0,,,MODEL_NUMBER|QUANTITY,,"Enclosure Rating NEMA 4X / IP66 Maximum Vibration 2.5 g RMS (10 Hz – 500 Hz) Maximum Altitude 2,000 meters (6,560 feet) above sea level 2.2 Mechanical Installation 1.​ Secure the mounting bracket to a flat, vertical structural surface using four (4) M6 hex bolts torque-rated to 8.5 N·m. 2.​ Align the mounting tabs on the rear enclosure of the XR-500 with the bracket slots. 3.​ Slide the unit down until the latch mechanism engages with a distinct click. 4.​ Verify clear space around the unit housing: minimum 100 mm top/bottom and 50 mm left/right for thermal dissipation. 3. Electrical & Power Wiring 3.1 Power Supply Specifications The XR-500 contains an auto-sensing internal power supply module designed to accommodate wide input ranges.","9.​ ""supply_voltage_vdc"": 24.1 10.​ }, 11.​ ""status_code"": 200 12.​} 3.2 Update Target Flow Rate ●​ Request Endpoint: POST /api/v2/config/parameters"
260,I.pdf,2,6a026bc6-ef58-41a7-a723-d51f2969ad1b,F.pdf,2,cb5e5c0c-c015-4dca-8e80-14a38fcde0e2,0.018566,0.097852,0.000000,0.000000,0.040425,0,,,PERCENT,DATE|MODEL_NUMBER|QUANTITY,"3.​ Open terminal console and issue ping test: ping 192.168.1.100 -n 10. 4.​ If packet loss exceeds 0%, inspect cable terminations and verify NET_TIMEOUT_MS register is set to standard default of 3000 ms. 5.​ If communication remains unresponsive, press and hold the internal REBOOT pinhole button for 5 seconds to restore factory network parameters. 1.​","2.​ | Interval | Task Description | Responsible | 3.​ +------------------+-----------------------------------------------+---------------+ 4.​ | Daily | Visual inspection of status LEDs and display | Operator | 5.​ | Monthly | Check pressure sensor calibration zero-points | Maintenance | 6.​ | Every 6 Months | Clean/replace internal panel air filter | Maintenance | 7.​ | Every 1,000 Hrs | Replace internal system battery (CR2032) | Lead Tech | 8.​ | Every 12 Months | Full physical seal and valve diaphragm overhaul | Certified Tech| 9.​ +------------------+-----------------------------------------------+---------------+ 3.2 Air Filter Replacement"
261,H.pdf,2,72d9c05a-a594-4f5a-a052-4ebd0455683d,G.pdf,2,f82da7a8-0b0b-41f2-97f0-8770de3277c0,0.054892,0.068351,0.000000,0.000000,0.039976,0,,,DATE|TEMPERATURE,,Perform weekly safety checks according to the following checklist: 1.​ Test Emergency Stop button responsiveness while operating in low-flow test mode. 2.​ Check enclosure door gaskets for signs of degradation or moisture intrusion. 3.​ Inspect ground bonding strap for tightness and freedom from corrosion. 4.​ Verify ambient enclosure temperature reading on HMI panel remains below 40°C during peak operation. 11.​,"9.​ ""supply_voltage_vdc"": 24.1 10.​ }, 11.​ ""status_code"": 200 12.​} 3.2 Update Target Flow Rate ●​ Request Endpoint: POST /api/v2/config/parameters"
262,E.pdf,2,355ae0c7-e9ed-433e-8e27-a8bd7140064d,I.pdf,2,6a026bc6-ef58-41a7-a723-d51f2969ad1b,0.028068,0.086164,0.000000,0.000000,0.038878,0,,,MODEL_NUMBER|QUANTITY,PERCENT,"Enclosure Rating NEMA 4X / IP66 Maximum Vibration 2.5 g RMS (10 Hz – 500 Hz) Maximum Altitude 2,000 meters (6,560 feet) above sea level 2.2 Mechanical Installation 1.​ Secure the mounting bracket to a flat, vertical structural surface using four (4) M6 hex bolts torque-rated to 8.5 N·m. 2.​ Align the mounting tabs on the rear enclosure of the XR-500 with the bracket slots. 3.​ Slide the unit down until the latch mechanism engages with a distinct click. 4.​ Verify clear space around the unit housing: minimum 100 mm top/bottom and 50 mm left/right for thermal dissipation. 3. Electrical & Power Wiring 3.1 Power Supply Specifications The XR-500 contains an auto-sensing internal power supply module designed to accommodate wide input ranges.","3.​ Open terminal console and issue ping test: ping 192.168.1.100 -n 10. 4.​ If packet loss exceeds 0%, inspect cable terminations and verify NET_TIMEOUT_MS register is set to standard default of 3000 ms. 5.​ If communication remains unresponsive, press and hold the internal REBOOT pinhole button for 5 seconds to restore factory network parameters. 1.​"
263,E.pdf,1,4283c023-732b-4278-afab-ed39f4de33e2,F.pdf,2,493d41e5-bce7-4119-932f-6d740cc2cd63,0.006044,0.094404,0.000000,0.000000,0.035678,0,,,PERCENT|TEMPERATURE,MODEL_NUMBER|VOLTAGE,"tagged out (LOTO) prior to terminal connection. ●​ Grounding: Ensure protective earth (PE) grounding is established with a maximum impedance of < 0.5 Ω. 2. Environmental & Mounting Specifications 2.1 Environmental Requirements To ensure continuous operation and preserve hardware longevity, the installation location must comply with the environmental operating parameters listed below. Environmental Parameter Specification Requirement Operating Temperature -10°C to 55°C (14°F to 131°F) Storage Temperature -20°C to 70°C (-4°F to 158°F) Relative Humidity 5% to 90% Non-Condensing","3.2 Air Filter Replacement 1.​ Disconnect incoming 24 VDC power supply. 2.​ Remove the front enclosure filter cover by unscrewing the four corner thumb screws. 3.​ Remove the saturated filter element (Part No. FLT-XR500-A). 4.​ Insert the new filter element, ensuring airflow direction arrows point inward toward the heatsink assembly. 5.​ Re-secure cover thumb screws hand-tight. 10.​"
264,H.pdf,1,a38693a6-7010-43f9-93cb-57ac82ab6ae0,I.pdf,2,6a026bc6-ef58-41a7-a723-d51f2969ad1b,0.009027,0.082916,0.000000,0.000000,0.032377,0,,,PRESSURE,PERCENT,"jumpered. 2. Operational Safety Limits & Prohibited Conditions 2.1 Critical Safety Thresholds To prevent catastrophic mechanical failure or fluid line rupture, the unit MUST NOT be operated outside the strict safety limits defined below. 1.​ =================================================================== ============ 2.​ CRITICAL SAFETY OPERATING BOUNDARIES 3.​ =================================================================== ============ 4.​ Parameter Absolute Safety Limit Action On Exceedance 5.​ ------------------------------------------------------------------------------- 6.​ Maximum System Pressure 10.5 bar Immediate Pressure Relief Valve trip","3.​ Open terminal console and issue ping test: ping 192.168.1.100 -n 10. 4.​ If packet loss exceeds 0%, inspect cable terminations and verify NET_TIMEOUT_MS register is set to standard default of 3000 ms. 5.​ If communication remains unresponsive, press and hold the internal REBOOT pinhole button for 5 seconds to restore factory network parameters. 1.​"
265,H.pdf,1,9d2908ba-a3cf-4853-a950-d7c4fc077a6e,I.pdf,2,6a026bc6-ef58-41a7-a723-d51f2969ad1b,0.011315,0.067435,0.000000,0.000000,0.027445,0,,,DATE|MODEL_NUMBER|QUANTITY,PERCENT,"XR-500 Industrial Controller Safety & Standard Operating Procedure (SOP) Document ID: SOP-XR500-SAF-002 Effective Date: January 15, 2026 Revision: Rev 4 1. Safety Requirements & Compliance 1.1 Personal Protective Equipment (PPE) All operators and maintenance technicians working within 2 meters of the XR-500 controlled process skid must wear the following mandatory safety gear: ●​ Safety Glasses with side shields (ANSI Z87.1 approved) ●​ Steel-toe work boots (ASTM F2413) ●​ Heat-resistant and chemical-resistant gloves (EN 374 compliant) 1.2 Interlock & Safety Systems The XR-500 is equipped with redundant dual-channel safety circuits. Under no circumstances should safety interlocks, enclosure door microswitches, or pressure relief valves be bypassed or jumpered.","3.​ Open terminal console and issue ping test: ping 192.168.1.100 -n 10. 4.​ If packet loss exceeds 0%, inspect cable terminations and verify NET_TIMEOUT_MS register is set to standard default of 3000 ms. 5.​ If communication remains unresponsive, press and hold the internal REBOOT pinhole button for 5 seconds to restore factory network parameters. 1.​"
266,H.pdf,1,a38693a6-7010-43f9-93cb-57ac82ab6ae0,F.pdf,2,493d41e5-bce7-4119-932f-6d740cc2cd63,0.007270,0.058151,0.000000,0.000000,0.022970,0,,,PRESSURE,MODEL_NUMBER|VOLTAGE,"jumpered. 2. Operational Safety Limits & Prohibited Conditions 2.1 Critical Safety Thresholds To prevent catastrophic mechanical failure or fluid line rupture, the unit MUST NOT be operated outside the strict safety limits defined below. 1.​ =================================================================== ============ 2.​ CRITICAL SAFETY OPERATING BOUNDARIES 3.​ =================================================================== ============ 4.​ Parameter Absolute Safety Limit Action On Exceedance 5.​ ------------------------------------------------------------------------------- 6.​ Maximum System Pressure 10.5 bar Immediate Pressure Relief Valve trip","3.2 Air Filter Replacement 1.​ Disconnect incoming 24 VDC power supply. 2.​ Remove the front enclosure filter cover by unscrewing the four corner thumb screws. 3.​ Remove the saturated filter element (Part No. FLT-XR500-A). 4.​ Insert the new filter element, ensuring airflow direction arrows point inward toward the heatsink assembly. 5.​ Re-secure cover thumb screws hand-tight. 10.​"
267,I.pdf,2,6a026bc6-ef58-41a7-a723-d51f2969ad1b,F.pdf,2,493d41e5-bce7-4119-932f-6d740cc2cd63,0.007942,0.044790,0.000000,0.000000,0.018348,0,,,PERCENT,MODEL_NUMBER|VOLTAGE,"3.​ Open terminal console and issue ping test: ping 192.168.1.100 -n 10. 4.​ If packet loss exceeds 0%, inspect cable terminations and verify NET_TIMEOUT_MS register is set to standard default of 3000 ms. 5.​ If communication remains unresponsive, press and hold the internal REBOOT pinhole button for 5 seconds to restore factory network parameters. 1.​","3.2 Air Filter Replacement 1.​ Disconnect incoming 24 VDC power supply. 2.​ Remove the front enclosure filter cover by unscrewing the four corner thumb screws. 3.​ Remove the saturated filter element (Part No. FLT-XR500-A). 4.​ Insert the new filter element, ensuring airflow direction arrows point inward toward the heatsink assembly. 5.​ Re-secure cover thumb screws hand-tight. 10.​"
268,E.pdf,3,9a914e1d-6b14-4390-8b34-12d11b581ae2,I.pdf,2,73fb8999-5eb8-4d44-b107-54cc7964bc12,0.015679,0.033900,0.000000,0.000000,0.016594,0,,,VOLTAGE,DATE,4.2 Initial Power-Up Sequence 1.​ Apply 24 VDC power to TB-A. 2.​ Observe the front panel diagnostic LEDs: ○​ POWER LED: Solid Green within 3 seconds. ○​ STATUS LED: Blinking Amber during system bootloader execution (approx. 20 seconds). ○​ SYSTEM READY LED: Solid Green upon boot completion. 3.​ Connect an Ethernet cable from the configuration workstation to Port 1 (ETH1). 4.​ Default Factory IP Address: 192.168.1.100 (Subnet Mask: 255.255.255.0). 5.​ Open a browser and navigate to [http://192.168.1.100](http://192.168.1.100) to launch the Initial Setup Wizard.,"Erratic Flow Measurements Air trapped in flow transducer or corrupted calibration Verify actual volumetric flow rate with external reference meter Perform zero-point calibration sequence; clean internal sensor body 2. Service & Maintenance Limits 2.1 Major Maintenance Intervals & Service Limits Component wear items must be replaced based on run-hours or calendar time—whichever occurs first—to avoid unexpected system downtime. ●​ Air Filter Replacement: Every 6 Months or 2,000 Operating Hours ●​ System Backup Battery Replacement: Every 36 Months or upon low-voltage alarm (ERR_301) ●​ Complete System Preventive Maintenance (PM) Cycle: Every 6 Months ●​ Full Valve & Seal Replacement Overhaul: Every 24 Months or 10,000 Operating Hours"
269,E.pdf,3,9a914e1d-6b14-4390-8b34-12d11b581ae2,H.pdf,1,a38693a6-7010-43f9-93cb-57ac82ab6ae0,0.000000,0.033767,0.000000,0.000000,0.012156,0,,,VOLTAGE,PRESSURE,4.2 Initial Power-Up Sequence 1.​ Apply 24 VDC power to TB-A. 2.​ Observe the front panel diagnostic LEDs: ○​ POWER LED: Solid Green within 3 seconds. ○​ STATUS LED: Blinking Amber during system bootloader execution (approx. 20 seconds). ○​ SYSTEM READY LED: Solid Green upon boot completion. 3.​ Connect an Ethernet cable from the configuration workstation to Port 1 (ETH1). 4.​ Default Factory IP Address: 192.168.1.100 (Subnet Mask: 255.255.255.0). 5.​ Open a browser and navigate to [http://192.168.1.100](http://192.168.1.100) to launch the Initial Setup Wizard.,"jumpered. 2. Operational Safety Limits & Prohibited Conditions 2.1 Critical Safety Thresholds To prevent catastrophic mechanical failure or fluid line rupture, the unit MUST NOT be operated outside the strict safety limits defined below. 1.​ =================================================================== ============ 2.​ CRITICAL SAFETY OPERATING BOUNDARIES 3.​ =================================================================== ============ 4.​ Parameter Absolute Safety Limit Action On Exceedance 5.​ ------------------------------------------------------------------------------- 6.​ Maximum System Pressure 10.5 bar Immediate Pressure Relief Valve trip"
270,H.pdf,1,9d2908ba-a3cf-4853-a950-d7c4fc077a6e,G.pdf,2,f82da7a8-0b0b-41f2-97f0-8770de3277c0,0.000000,0.024044,0.000000,0.000000,0.008656,0,,,DATE|MODEL_NUMBER|QUANTITY,,"XR-500 Industrial Controller Safety & Standard Operating Procedure (SOP) Document ID: SOP-XR500-SAF-002 Effective Date: January 15, 2026 Revision: Rev 4 1. Safety Requirements & Compliance 1.1 Personal Protective Equipment (PPE) All operators and maintenance technicians working within 2 meters of the XR-500 controlled process skid must wear the following mandatory safety gear: ●​ Safety Glasses with side shields (ANSI Z87.1 approved) ●​ Steel-toe work boots (ASTM F2413) ●​ Heat-resistant and chemical-resistant gloves (EN 374 compliant) 1.2 Interlock & Safety Systems The XR-500 is equipped with redundant dual-channel safety circuits. Under no circumstances should safety interlocks, enclosure door microswitches, or pressure relief valves be bypassed or jumpered.","9.​ ""supply_voltage_vdc"": 24.1 10.​ }, 11.​ ""status_code"": 200 12.​} 3.2 Update Target Flow Rate ●​ Request Endpoint: POST /api/v2/config/parameters"
